ParentTag,Tag,Value
BridgeInformation,{http://www.infrateksolutions.com}State,028
BridgeInformation,{http://www.infrateksolutions.com}StructureID,21000840161114B
BridgeInformation,{http://www.infrateksolutions.com}StructureName,US 84 OVER DRY CREEK
DeckInformation,{http://www.infrateksolutions.com}DeckType,grooved
DeckInformation,{http://www.infrateksolutions.com}ConcreteSurfaceType,grooved
DeckInformation,{http://www.infrateksolutions.com}DeckStatus,dry
DeckInformation,{http://www.infrateksolutions.com}PresenceOf,
TestInformation,{http://www.infrateksolutions.com}Date,2018-10-15
TestInformation,{http://www.infrateksolutions.com}Time,11:53:00
TestInformation,{http://www.infrateksolutions.com}JobID,4
TestInformation,{http://www.infrateksolutions.com}OperatorName1,SHIBIN LIN
TestInformation,{http://www.infrateksolutions.com}OperatorName2,
TestInformation,{http://www.infrateksolutions.com}UnitNumber,Rabit-CE 1 - Unit 1
TestInformation,{http://www.infrateksolutions.com}LastCalibrationDate,2018-08-10
TestInformation,{http://www.infrateksolutions.com}WeatherCondition,"
			"
SensorInformation,Name,Wenner Probe
SensorInformation,Manufacturer,Proceq
SensorInformation,Model,381 20 000 Resipod
SensorInformation,SurfaceResistivityResolution,4 feet
SensorInformation,ProbeSpacing,50 mm
SensorInformation,Accuracy,1 k/CM
