ParentTag,Tag,Value
BridgeInformation,{http://www.infrateksolutions.com}State,028
BridgeInformation,{http://www.infrateksolutions.com}StructureID,MS-11002200250005B
BridgeInformation,{http://www.infrateksolutions.com}StructureName,I220 OVER JOHN R LYNCH STREET NORTHBOUND
DeckInformation,{http://www.infrateksolutions.com}DeckType,plain
DeckInformation,{http://www.infrateksolutions.com}ConcreteSurfaceType,plain
DeckInformation,{http://www.infrateksolutions.com}DeckStatus,dry
DeckInformation,{http://www.infrateksolutions.com}PresenceOf,
TestInformation,{http://www.infrateksolutions.com}Date,2018-11-28
TestInformation,{http://www.infrateksolutions.com}Time,09:18:00
TestInformation,{http://www.infrateksolutions.com}JobID,1
TestInformation,{http://www.infrateksolutions.com}OperatorName1,RUSS KOK
TestInformation,{http://www.infrateksolutions.com}OperatorName2,SADEGH SHAMS
TestInformation,{http://www.infrateksolutions.com}UnitNumber,Rabit-CE 1 - Unit 1
TestInformation,{http://www.infrateksolutions.com}LastCalibrationDate,2018-08-10
TestInformation,{http://www.infrateksolutions.com}WeatherCondition,"
			"
SensorInformation,Name,Wenner Probe
SensorInformation,Manufacturer,Proceq
SensorInformation,Model,381 20 000 Resipod
SensorInformation,SurfaceResistivityResolution,4 feet
SensorInformation,ProbeSpacing,50 mm
SensorInformation,Accuracy,1 k/CM
