ParentTag,Tag,Value
BridgeInformation,{http://www.infrateksolutions.com}State,034
BridgeInformation,{http://www.infrateksolutions.com}StructureID,1328154
BridgeInformation,{http://www.infrateksolutions.com}StructureName,Route 18 NB over Route 66
DeckInformation,{http://www.infrateksolutions.com}DeckType,plain
DeckInformation,{http://www.infrateksolutions.com}ConcreteSurfaceType,plain
DeckInformation,{http://www.infrateksolutions.com}DeckStatus,wet
DeckInformation,{http://www.infrateksolutions.com}PresenceOf,
TestInformation,{http://www.infrateksolutions.com}Date,2017-09-26
TestInformation,{http://www.infrateksolutions.com}Time,12:43:00
TestInformation,{http://www.infrateksolutions.com}JobID,1
TestInformation,{http://www.infrateksolutions.com}OperatorName1,Infratek Team
TestInformation,{http://www.infrateksolutions.com}OperatorName2,
TestInformation,{http://www.infrateksolutions.com}UnitNumber,Rabit-CE 1 - Unit 1
TestInformation,{http://www.infrateksolutions.com}LastCalibrationDate,2017-05-30
TestInformation,{http://www.infrateksolutions.com}WeatherCondition,"
			"
SensorInformation,Name,Wenner Probe
SensorInformation,Manufacturer,Proceq
SensorInformation,Model,381 20 000 Resipod
SensorInformation,SurfaceResistivityResolution,4 feet
SensorInformation,ProbeSpacing,50 mm
SensorInformation,Accuracy,1 k/CM
