ParentTag,Tag,Value
BridgeInformation,{http://www.infrateksolutions.com}State,034
BridgeInformation,{http://www.infrateksolutions.com}StructureID,0828156
BridgeInformation,{http://www.infrateksolutions.com}StructureName,Order 4 - Job 2 - Sep 17
DeckInformation,{http://www.infrateksolutions.com}DeckType,grooved
DeckInformation,{http://www.infrateksolutions.com}ConcreteSurfaceType,grooved
DeckInformation,{http://www.infrateksolutions.com}DeckStatus,dry
DeckInformation,{http://www.infrateksolutions.com}PresenceOf,
TestInformation,{http://www.infrateksolutions.com}Date,2017-09-15
TestInformation,{http://www.infrateksolutions.com}Time,09:42:00
TestInformation,{http://www.infrateksolutions.com}JobID,1
TestInformation,{http://www.infrateksolutions.com}OperatorName1,Max Meng
TestInformation,{http://www.infrateksolutions.com}OperatorName2,
TestInformation,{http://www.infrateksolutions.com}UnitNumber,Rabit-CE 1 - Unit 1
TestInformation,{http://www.infrateksolutions.com}LastCalibrationDate,2017-05-30
TestInformation,{http://www.infrateksolutions.com}WeatherCondition,"
			"
SensorInformation,Name,Wenner Probe
SensorInformation,Manufacturer,Proceq
SensorInformation,Model,381 20 000 Resipod
SensorInformation,SurfaceResistivityResolution,4 feet
SensorInformation,ProbeSpacing,50 mm
SensorInformation,Accuracy,1 k/CM
