ParentTag,Tag,Value
BridgeInformation,{http://www.infrateksolutions.com}State,042
BridgeInformation,{http://www.infrateksolutions.com}StructureID,000000000021212
BridgeInformation,{http://www.infrateksolutions.com}StructureName,Rt 324 over Pequea Creek Structure #000000000021212
DeckInformation,{http://www.infrateksolutions.com}DeckType,grooved
DeckInformation,{http://www.infrateksolutions.com}ConcreteSurfaceType,grooved
DeckInformation,{http://www.infrateksolutions.com}DeckStatus,dry
DeckInformation,{http://www.infrateksolutions.com}PresenceOf,
TestInformation,{http://www.infrateksolutions.com}Date,2017-09-20
TestInformation,{http://www.infrateksolutions.com}Time,11:40:00
TestInformation,{http://www.infrateksolutions.com}JobID,2
TestInformation,{http://www.infrateksolutions.com}OperatorName1,Bill Griner
TestInformation,{http://www.infrateksolutions.com}OperatorName2,
TestInformation,{http://www.infrateksolutions.com}UnitNumber,Rabit-CE 1 - Unit 1
TestInformation,{http://www.infrateksolutions.com}LastCalibrationDate,2017-05-30
TestInformation,{http://www.infrateksolutions.com}WeatherCondition,"
			"
SensorInformation,Name,Wenner Probe
SensorInformation,Manufacturer,Proceq
SensorInformation,Model,381 20 000 Resipod
SensorInformation,SurfaceResistivityResolution,4 feet
SensorInformation,ProbeSpacing,50 mm
SensorInformation,Accuracy,1 k/CM
