ParentTag,Tag,Value
BridgeInformation,{http://www.fhwa.dot.gov/research/tfhrc/programs/infrastructure/structures/ltbp/xml/LTBPCommonTypes}StructureID,0832162
BridgeInformation,{http://www.fhwa.dot.gov/research/tfhrc/programs/infrastructure/structures/ltbp/xml/LTBPCommonTypes}LTBPBridgeName,NJ 47 over NJ 55
BridgeInformation,{http://www.fhwa.dot.gov/research/tfhrc/programs/infrastructure/structures/ltbp/xml/LTBPCommonTypes}State,34
BridgeInformation,{http://www.fhwa.dot.gov/research/tfhrc/programs/infrastructure/structures/ltbp/xml/LTBPCommonTypes}ProtocolName,NDE001
NDE001_TestInfo,TestDate,2017-04-08
NDE001_TestInfo,Personnel,"
      "
NDE001_TestInfo,EquipmentUsed,"
      "
NDE001_TestInfo,AmbientAirTemperature,75
NDE001_TestInfo,DeckSurfaceTemperature,75
NDE001_TestInfo,YLocationUnit,meter
NDE001_TestInfo,XLocationUnit,meter
NDE001_TestInfo,TestSite,Complete bridge deck
