ParentTag,Tag,Value
BridgeInformation,{http://www.fhwa.dot.gov/research/tfhrc/programs/infrastructure/structures/ltbp/xml/LTBPCommonTypes}StructureID,000000000014359
BridgeInformation,{http://www.fhwa.dot.gov/research/tfhrc/programs/infrastructure/structures/ltbp/xml/LTBPCommonTypes}LTBPBridgeName,T-494/SCHOOL HS RD over PA 283; SR 0300
BridgeInformation,{http://www.fhwa.dot.gov/research/tfhrc/programs/infrastructure/structures/ltbp/xml/LTBPCommonTypes}State,42
BridgeInformation,{http://www.fhwa.dot.gov/research/tfhrc/programs/infrastructure/structures/ltbp/xml/LTBPCommonTypes}ProtocolName,NDE001
NDE001_TestInfo,TestDate,2017-05-03
NDE001_TestInfo,Personnel,"
      "
NDE001_TestInfo,EquipmentUsed,"
      "
NDE001_TestInfo,AmbientAirTemperature,75
NDE001_TestInfo,DeckSurfaceTemperature,75
NDE001_TestInfo,YLocationUnit,meter
NDE001_TestInfo,XLocationUnit,meter
NDE001_TestInfo,TestSite,Complete bridge deck
