ParentTag,Tag,Value
BridgeInformation,{http://www.fhwa.dot.gov/research/tfhrc/programs/infrastructure/structures/ltbp/xml/LTBPCommonTypes}StructureID,000000000000131
BridgeInformation,{http://www.fhwa.dot.gov/research/tfhrc/programs/infrastructure/structures/ltbp/xml/LTBPCommonTypes}LTBPBridgeName,WASHINGTON BLVD. over JOYCE STREET
BridgeInformation,{http://www.fhwa.dot.gov/research/tfhrc/programs/infrastructure/structures/ltbp/xml/LTBPCommonTypes}State,51
BridgeInformation,{http://www.fhwa.dot.gov/research/tfhrc/programs/infrastructure/structures/ltbp/xml/LTBPCommonTypes}ProtocolName,NDE001
NDE001_TestInfo,TestDate,2017-03-17
NDE001_TestInfo,Personnel,"
      "
NDE001_TestInfo,EquipmentUsed,"
      "
NDE001_TestInfo,AmbientAirTemperature,75
NDE001_TestInfo,DeckSurfaceTemperature,75
NDE001_TestInfo,YLocationUnit,meter
NDE001_TestInfo,XLocationUnit,meter
NDE001_TestInfo,TestSite,Complete bridge deck
