<ER xmlns:ns1="http://www.infrateksolutions.com" xmlns:xsi="http://www.w3.org/2001/XMLSchema-instance" xsi:noNamespaceSchemaLocation="xsd/ERDataFormat.xsd" xsi:schemaLocation="http://www.infrateksolutions.com xsd/commonTypes.xsd">
	<BridgeInformation>
		<ns1:State>010</ns1:State>
		<ns1:StructureID>2920N150</ns1:StructureID>
		<ns1:StructureName>Order 4 - Job 6 - 1912N083</ns1:StructureName>
	</BridgeInformation>
	<DeckInformation>
		<ns1:DeckType>grooved</ns1:DeckType>
		<ns1:ConcreteSurfaceType>grooved</ns1:ConcreteSurfaceType>
		<ns1:DeckStatus>dry</ns1:DeckStatus>
		<ns1:PresenceOf />
	</DeckInformation>
	<TestInformation>
		<ns1:Date>2017-10-03</ns1:Date>
		<ns1:Time>21:11:00</ns1:Time>
		<ns1:JobID>1</ns1:JobID>
		<ns1:OperatorName1>Max</ns1:OperatorName1>
		<ns1:OperatorName2 />
		<ns1:UnitNumber>Rabit-CE 1 - Unit 1</ns1:UnitNumber>
		<ns1:LastCalibrationDate>2017-05-30</ns1:LastCalibrationDate>
		<ns1:WeatherCondition>
			<ns1:WeatherForecast>0</ns1:WeatherForecast>
			<ns1:AmbientTemperature>60.0</ns1:AmbientTemperature>
			<ns1:WindSpeed>5.0</ns1:WindSpeed>
			<ns1:WeatherConditionTheDayBefore>0</ns1:WeatherConditionTheDayBefore>
		</ns1:WeatherCondition>
	</TestInformation>
	<SensorInformation>
		<Name>Wenner Probe</Name>
		<Manufacturer>Proceq</Manufacturer>
		<Model>381 20 000 Resipod</Model>
		<SurfaceResistivityResolution>4 feet</SurfaceResistivityResolution>
		<ProbeSpacing>50 mm</ProbeSpacing>
		<Accuracy>1 k/CM</Accuracy>
	</SensorInformation>
	<ER-Readings>
		<YLocation>7.0625014256</YLocation>
		<XLocation>4.50087317659</XLocation>
		<ElectricalReading>109</ElectricalReading>
	</ER-Readings>
	<ER-Readings>
		<YLocation>5.56290958699</YLocation>
		<XLocation>4.46588086952</XLocation>
		<ElectricalReading>119</ElectricalReading>
	</ER-Readings>
	<ER-Readings>
		<YLocation>3.68953497075</YLocation>
		<XLocation>4.42216650796</XLocation>
		<ElectricalReading>269</ElectricalReading>
	</ER-Readings>
	<ER-Readings>
		<YLocation>2.18994313213</YLocation>
		<XLocation>4.38717420089</XLocation>
		<ElectricalReading>1</ElectricalReading>
	</ER-Readings>
	<ER-Readings>
		<YLocation>5.48463335758</YLocation>
		<XLocation>5.30001457227</XLocation>
		<ElectricalReading>357</ElectricalReading>
	</ER-Readings>
	<ER-Readings>
		<YLocation>3.61214680984</YLocation>
		<XLocation>5.22764381378</XLocation>
		<ElectricalReading>305</ElectricalReading>
	</ER-Readings>
	<ER-Readings>
		<YLocation>2.11326584893</YLocation>
		<XLocation>5.16971274232</XLocation>
		<ElectricalReading>2</ElectricalReading>
	</ER-Readings>
	<ER-Readings>
		<YLocation>6.92444100368</YLocation>
		<XLocation>7.4922250458</XLocation>
		<ElectricalReading>442</ElectricalReading>
	</ER-Readings>
	<ER-Readings>
		<YLocation>3.55127427161</YLocation>
		<XLocation>7.42262876022</XLocation>
		<ElectricalReading>101</ElectricalReading>
	</ER-Readings>
	<ER-Readings>
		<YLocation>5.43174939529</YLocation>
		<XLocation>9.80560916933</XLocation>
		<ElectricalReading>295</ElectricalReading>
	</ER-Readings>
	<ER-Readings>
		<YLocation>6.91970987125</YLocation>
		<XLocation>12.0368375134</XLocation>
		<ElectricalReading>451</ElectricalReading>
	</ER-Readings>
	<ER-Readings>
		<YLocation>2.04595797107</YLocation>
		<XLocation>12.000862579</XLocation>
		<ElectricalReading>486</ElectricalReading>
	</ER-Readings>
	<ER-Readings>
		<YLocation>6.95890393171</YLocation>
		<XLocation>15.8759165118</XLocation>
		<ElectricalReading>258</ElectricalReading>
	</ER-Readings>
	<ER-Readings>
		<YLocation>3.53955371503</YLocation>
		<XLocation>17.9971982962</XLocation>
		<ElectricalReading>474</ElectricalReading>
	</ER-Readings>
	<ER-Readings>
		<YLocation>6.94302694022</YLocation>
		<XLocation>23.689606398</XLocation>
		<ElectricalReading>383</ElectricalReading>
	</ER-Readings>
	<ER-Readings>
		<YLocation>6.94500568322</YLocation>
		<XLocation>25.97305298</XLocation>
		<ElectricalReading>426</ElectricalReading>
	</ER-Readings>
	<ER-Readings>
		<YLocation>5.44503732574</YLocation>
		<XLocation>25.9633025678</XLocation>
		<ElectricalReading>275</ElectricalReading>
	</ER-Readings>
	<ER-Readings>
		<YLocation>3.57119234091</YLocation>
		<XLocation>25.9511218035</XLocation>
		<ElectricalReading>497</ElectricalReading>
	</ER-Readings>
	<ER-Readings>
		<YLocation>7.0129524101</YLocation>
		<XLocation>27.2671294722</XLocation>
		<ElectricalReading>358</ElectricalReading>
	</ER-Readings>
	<ER-Readings>
		<YLocation>6.98764876663</YLocation>
		<XLocation>30.0422865412</XLocation>
		<ElectricalReading>201</ElectricalReading>
	</ER-Readings>
	<ER-Readings>
		<YLocation>7.05964401924</YLocation>
		<XLocation>37.7813795572</XLocation>
		<ElectricalReading>157</ElectricalReading>
	</ER-Readings>
	<ER-Readings>
		<YLocation>7.14163881568</YLocation>
		<XLocation>39.9964299936</XLocation>
		<ElectricalReading>225</ElectricalReading>
	</ER-Readings>
	<ER-Readings>
		<YLocation>7.05216080064</YLocation>
		<XLocation>41.8620753021</XLocation>
		<ElectricalReading>351</ElectricalReading>
	</ER-Readings>
	<ER-Readings>
		<YLocation>7.03628704883</YLocation>
		<XLocation>45.689972399</XLocation>
		<ElectricalReading>360</ElectricalReading>
	</ER-Readings>
	<ER-Readings>
		<YLocation>2.16312417106</YLocation>
		<XLocation>45.6060954232</XLocation>
		<ElectricalReading>423</ElectricalReading>
	</ER-Readings>
	<ER-Readings>
		<YLocation>3.65743091127</YLocation>
		<XLocation>52.0235234217</XLocation>
		<ElectricalReading>483</ElectricalReading>
	</ER-Readings>
	<ER-Readings>
		<YLocation>3.70276852657</YLocation>
		<XLocation>56.0349212618</XLocation>
		<ElectricalReading>372</ElectricalReading>
	</ER-Readings>
	<ER-Readings>
		<YLocation>7.09327503063</YLocation>
		<XLocation>58.0542160491</XLocation>
		<ElectricalReading>459</ElectricalReading>
	</ER-Readings>
	<ER-Readings>
		<YLocation>2.21977849294</YLocation>
		<XLocation>57.9927076959</XLocation>
		<ElectricalReading>497</ElectricalReading>
	</ER-Readings>
	<ER-Readings>
		<YLocation>3.74200549066</YLocation>
		<XLocation>59.8462742139</XLocation>
		<ElectricalReading>433</ElectricalReading>
	</ER-Readings>
	<ER-Readings>
		<YLocation>2.24222758353</YLocation>
		<XLocation>59.8204600069</XLocation>
		<ElectricalReading>478</ElectricalReading>
	</ER-Readings>
	<ER-Readings>
		<YLocation>7.14428192911</YLocation>
		<XLocation>61.0825614395</XLocation>
		<ElectricalReading>362</ElectricalReading>
	</ER-Readings>
	<ER-Readings>
		<YLocation>2.27111905134</YLocation>
		<XLocation>60.9986844637</XLocation>
		<ElectricalReading>438</ElectricalReading>
	</ER-Readings>
	<ER-Readings>
		<YLocation>2.2690463913</YLocation>
		<XLocation>64.0290596379</XLocation>
		<ElectricalReading>377</ElectricalReading>
	</ER-Readings>
	<ER-Readings>
		<YLocation>2.29554895592</YLocation>
		<XLocation>67.1281991251</XLocation>
		<ElectricalReading>482</ElectricalReading>
	</ER-Readings>
	<ER-Readings>
		<YLocation>7.18906691916</YLocation>
		<XLocation>80.0554949653</XLocation>
		<ElectricalReading>262</ElectricalReading>
	</ER-Readings>
	<ER-Readings>
		<YLocation>3.75896031869</YLocation>
		<XLocation>87.9654932487</XLocation>
		<ElectricalReading>357</ElectricalReading>
	</ER-Readings>
	<ER-Readings>
		<YLocation>11.9351962614</YLocation>
		<XLocation>87.3525922156</XLocation>
		<ElectricalReading>442</ElectricalReading>
	</ER-Readings>
	<ER-Readings>
		<YLocation>12.1314076446</YLocation>
		<XLocation>67.488852634</XLocation>
		<ElectricalReading>468</ElectricalReading>
	</ER-Readings>
	<ER-Readings>
		<YLocation>12.096155077</YLocation>
		<XLocation>55.621716801</XLocation>
		<ElectricalReading>75</ElectricalReading>
	</ER-Readings>
	<ER-Readings>
		<YLocation>12.1498875979</YLocation>
		<XLocation>53.5787811947</XLocation>
		<ElectricalReading>77</ElectricalReading>
	</ER-Readings>
	<ER-Readings>
		<YLocation>12.0916000524</YLocation>
		<XLocation>33.3008006762</XLocation>
		<ElectricalReading>382</ElectricalReading>
	</ER-Readings>
	<ER-Readings>
		<YLocation>10.324289333</YLocation>
		<XLocation>15.6472468795</XLocation>
		<ElectricalReading>110</ElectricalReading>
	</ER-Readings>
	<ER-Readings>
		<YLocation>10.2762642864</YLocation>
		<XLocation>13.2513438692</XLocation>
		<ElectricalReading>68</ElectricalReading>
	</ER-Readings>
	<ER-Readings>
		<YLocation>12.1493149338</YLocation>
		<XLocation>11.4001628734</XLocation>
		<ElectricalReading>492</ElectricalReading>
	</ER-Readings>
	<ER-Readings>
		<YLocation>12.1523817917</YLocation>
		<XLocation>7.34081473714</XLocation>
		<ElectricalReading>201</ElectricalReading>
	</ER-Readings>
	<ER-Readings>
		<YLocation>10.2469658378</YLocation>
		<XLocation>5.91328342085</XLocation>
		<ElectricalReading>452</ElectricalReading>
	</ER-Readings>
	<ER-Readings>
		<YLocation>10.2497855918</YLocation>
		<XLocation>3.38160230931</XLocation>
		<ElectricalReading>194</ElectricalReading>
	</ER-Readings>
	<ER-Readings>
		<YLocation>10.2360277305</YLocation>
		<XLocation>1.76758352521</XLocation>
		<ElectricalReading>402</ElectricalReading>
	</ER-Readings>
	<ER-Readings>
		<YLocation>10.2647691186</YLocation>
		<XLocation>-0.586840702927</XLocation>
		<ElectricalReading>294</ElectricalReading>
	</ER-Readings>
	<ER-Readings>
		<YLocation>18.7412109942</YLocation>
		<XLocation>1.91689203113</XLocation>
		<ElectricalReading>285</ElectricalReading>
	</ER-Readings>
	<ER-Readings>
		<YLocation>19.9905080727</YLocation>
		<XLocation>7.19582631207</XLocation>
		<ElectricalReading>327</ElectricalReading>
	</ER-Readings>
	<ER-Readings>
		<YLocation>18.490609496</YLocation>
		<XLocation>7.21327348165</XLocation>
		<ElectricalReading>370</ElectricalReading>
	</ER-Readings>
	<ER-Readings>
		<YLocation>19.9567118607</YLocation>
		<XLocation>9.10100431269</XLocation>
		<ElectricalReading>147</ElectricalReading>
	</ER-Readings>
	<ER-Readings>
		<YLocation>16.6327523381</YLocation>
		<XLocation>12.0635243884</XLocation>
		<ElectricalReading>335</ElectricalReading>
	</ER-Readings>
	<ER-Readings>
		<YLocation>18.4786281949</YLocation>
		<XLocation>13.5078603407</XLocation>
		<ElectricalReading>421</ElectricalReading>
	</ER-Readings>
	<ER-Readings>
		<YLocation>18.4809473587</YLocation>
		<XLocation>16.0460755333</XLocation>
		<ElectricalReading>356</ElectricalReading>
	</ER-Readings>
	<ER-Readings>
		<YLocation>18.4928112514</YLocation>
		<XLocation>17.4831664338</XLocation>
		<ElectricalReading>134</ElectricalReading>
	</ER-Readings>
	<ER-Readings>
		<YLocation>19.9655086374</YLocation>
		<XLocation>21.815308711</XLocation>
		<ElectricalReading>244</ElectricalReading>
	</ER-Readings>
	<ER-Readings>
		<YLocation>18.465787419</YLocation>
		<XLocation>21.8442294822</XLocation>
		<ElectricalReading>478</ElectricalReading>
	</ER-Readings>
	<ER-Readings>
		<YLocation>20.0488169948</YLocation>
		<XLocation>23.4678545479</XLocation>
		<ElectricalReading>204</ElectricalReading>
	</ER-Readings>
	<ER-Readings>
		<YLocation>18.549879495</YLocation>
		<XLocation>23.5243037795</XLocation>
		<ElectricalReading>7</ElectricalReading>
	</ER-Readings>
	<ER-Readings>
		<YLocation>20.0191838408</YLocation>
		<XLocation>25.9083635454</XLocation>
		<ElectricalReading>6</ElectricalReading>
	</ER-Readings>
	<ER-Readings>
		<YLocation>20.0251367348</YLocation>
		<XLocation>27.9358183987</XLocation>
		<ElectricalReading>3</ElectricalReading>
	</ER-Readings>
	<ER-Readings>
		<YLocation>20.0108719231</YLocation>
		<XLocation>29.9857134025</XLocation>
		<ElectricalReading>257</ElectricalReading>
	</ER-Readings>
	<ER-Readings>
		<YLocation>18.5286573322</YLocation>
		<XLocation>33.5532684156</XLocation>
		<ElectricalReading>487</ElectricalReading>
	</ER-Readings>
	<ER-Readings>
		<YLocation>18.5350043237</YLocation>
		<XLocation>44.022620966</XLocation>
		<ElectricalReading>420</ElectricalReading>
	</ER-Readings>
	<ER-Readings>
		<YLocation>16.7477640918</YLocation>
		<XLocation>55.9930364249</XLocation>
		<ElectricalReading>433</ElectricalReading>
	</ER-Readings>
	<ER-Readings>
		<YLocation>16.7559202353</YLocation>
		<XLocation>89.6830503226</XLocation>
		<ElectricalReading>447</ElectricalReading>
	</ER-Readings>
<ER-Readings>
		<YLocation>3.69490346302</YLocation>
		<XLocation>81.8108879044</XLocation>
		<ElectricalReading>277</ElectricalReading>
	</ER-Readings>
	<ER-Readings>
		<YLocation>3.79528130269</YLocation>
		<XLocation>86.0666175287</XLocation>
		<ElectricalReading>257</ElectricalReading>
	</ER-Readings>
	<ER-Readings>
		<YLocation>3.70426381918</YLocation>
		<XLocation>90.047943533</XLocation>
		<ElectricalReading>264</ElectricalReading>
	</ER-Readings>
	<ER-Readings>
		<YLocation>3.7375699359</YLocation>
		<XLocation>94.427065355</XLocation>
		<ElectricalReading>425</ElectricalReading>
	</ER-Readings>
	<ER-Readings>
		<YLocation>3.6435821942</YLocation>
		<XLocation>100.447893995</XLocation>
		<ElectricalReading>295</ElectricalReading>
	</ER-Readings>
	<ER-Readings>
		<YLocation>5.5031276856</YLocation>
		<XLocation>106.456794518</XLocation>
		<ElectricalReading>381</ElectricalReading>
	</ER-Readings>
	<ER-Readings>
		<YLocation>3.62950159478</YLocation>
		<XLocation>106.425671055</XLocation>
		<ElectricalReading>249</ElectricalReading>
	</ER-Readings>
	<ER-Readings>
		<YLocation>3.72255201171</YLocation>
		<XLocation>108.555958075</XLocation>
		<ElectricalReading>323</ElectricalReading>
	</ER-Readings>
	<ER-Readings>
		<YLocation>7.07448475571</YLocation>
		<XLocation>112.467582891</XLocation>
		<ElectricalReading>486</ElectricalReading>
	</ER-Readings>
	<ER-Readings>
		<YLocation>3.70061041133</YLocation>
		<XLocation>112.475910772</XLocation>
		<ElectricalReading>383</ElectricalReading>
	</ER-Readings>
	<ER-Readings>
		<YLocation>7.07654740709</YLocation>
		<XLocation>117.643443327</XLocation>
		<ElectricalReading>481</ElectricalReading>
	</ER-Readings>
	<ER-Readings>
		<YLocation>5.57655192861</YLocation>
		<XLocation>117.647145831</XLocation>
		<ElectricalReading>440</ElectricalReading>
	</ER-Readings>
	<ER-Readings>
		<YLocation>3.70267306271</YLocation>
		<XLocation>117.651771208</XLocation>
		<ElectricalReading>436</ElectricalReading>
	</ER-Readings>
	<ER-Readings>
		<YLocation>3.65779416192</YLocation>
		<XLocation>122.455549503</XLocation>
		<ElectricalReading>242</ElectricalReading>
	</ER-Readings>
	<ER-Readings>
		<YLocation>3.61725179071</YLocation>
		<XLocation>124.527486391</XLocation>
		<ElectricalReading>393</ElectricalReading>
	</ER-Readings>
	<ER-Readings>
		<YLocation>2.11730268616</YLocation>
		<XLocation>124.515124038</XLocation>
		<ElectricalReading>419</ElectricalReading>
	</ER-Readings>
	<ER-Readings>
		<YLocation>6.95952297873</YLocation>
		<XLocation>126.005674359</XLocation>
		<ElectricalReading>499</ElectricalReading>
	</ER-Readings>
	<ER-Readings>
		<YLocation>6.97144866404</YLocation>
		<XLocation>130.119552594</XLocation>
		<ElectricalReading>480</ElectricalReading>
	</ER-Readings>
	<ER-Readings>
		<YLocation>5.471458617</YLocation>
		<XLocation>130.114075113</XLocation>
		<ElectricalReading>433</ElectricalReading>
	</ER-Readings>
	<ER-Readings>
		<YLocation>3.59758653637</YLocation>
		<XLocation>130.107232336</XLocation>
		<ElectricalReading>362</ElectricalReading>
	</ER-Readings>
	<ER-Readings>
		<YLocation>2.09759648933</YLocation>
		<XLocation>130.101754856</XLocation>
		<ElectricalReading>453</ElectricalReading>
	</ER-Readings>
	<ER-Readings>
		<YLocation>3.70030675628</YLocation>
		<XLocation>132.467039457</XLocation>
		<ElectricalReading>209</ElectricalReading>
	</ER-Readings>
	<ER-Readings>
		<YLocation>5.58297614668</YLocation>
		<XLocation>133.997126614</XLocation>
		<ElectricalReading>474</ElectricalReading>
	</ER-Readings>
	<ER-Readings>
		<YLocation>3.70938737016</YLocation>
		<XLocation>134.030420677</XLocation>
		<ElectricalReading>399</ElectricalReading>
	</ER-Readings>
	<ER-Readings>
		<YLocation>7.08799195168</YLocation>
		<XLocation>140.488566399</XLocation>
		<ElectricalReading>494</ElectricalReading>
	</ER-Readings>
	<ER-Readings>
		<YLocation>5.58801204085</YLocation>
		<XLocation>140.480793941</XLocation>
		<ElectricalReading>208</ElectricalReading>
	</ER-Readings>
	<ER-Readings>
		<YLocation>3.71415262294</YLocation>
		<XLocation>140.471084149</XLocation>
		<ElectricalReading>459</ElectricalReading>
	</ER-Readings>
	<ER-Readings>
		<YLocation>7.10295468658</YLocation>
		<XLocation>143.824637113</XLocation>
		<ElectricalReading>449</ElectricalReading>
	</ER-Readings>
	<ER-Readings>
		<YLocation>7.03414320496</YLocation>
		<XLocation>151.727781737</XLocation>
		<ElectricalReading>463</ElectricalReading>
	</ER-Readings>
	<ER-Readings>
		<YLocation>5.53417694163</YLocation>
		<XLocation>151.71771432</XLocation>
		<ElectricalReading>465</ElectricalReading>
	</ER-Readings>
	<ER-Readings>
		<YLocation>7.02045732328</YLocation>
		<XLocation>156.056115637</XLocation>
		<ElectricalReading>467</ElectricalReading>
	</ER-Readings>
	<ER-Readings>
		<YLocation>3.64659519561</YLocation>
		<XLocation>156.04379538</XLocation>
		<ElectricalReading>446</ElectricalReading>
	</ER-Readings>
	<ER-Readings>
		<YLocation>12.3370952771</YLocation>
		<XLocation>145.977142551</XLocation>
		<ElectricalReading>474</ElectricalReading>
	</ER-Readings>
	<ER-Readings>
		<YLocation>13.8687775095</YLocation>
		<XLocation>144.390689644</XLocation>
		<ElectricalReading>488</ElectricalReading>
	</ER-Readings>
	<ER-Readings>
		<YLocation>13.8230470478</YLocation>
		<XLocation>141.437053646</XLocation>
		<ElectricalReading>471</ElectricalReading>
	</ER-Readings>
	<ER-Readings>
		<YLocation>13.7979640579</YLocation>
		<XLocation>139.870556222</XLocation>
		<ElectricalReading>471</ElectricalReading>
	</ER-Readings>
	<ER-Readings>
		<YLocation>12.2621925517</YLocation>
		<XLocation>137.58776477</XLocation>
		<ElectricalReading>472</ElectricalReading>
	</ER-Readings>
	<ER-Readings>
		<YLocation>13.7621347958</YLocation>
		<XLocation>137.574596308</XLocation>
		<ElectricalReading>471</ElectricalReading>
	</ER-Readings>
	<ER-Readings>
		<YLocation>13.7521312541</YLocation>
		<XLocation>135.575001156</XLocation>
		<ElectricalReading>471</ElectricalReading>
	</ER-Readings>
	<ER-Readings>
		<YLocation>13.7505188154</YLocation>
		<XLocation>133.528678556</XLocation>
		<ElectricalReading>471</ElectricalReading>
	</ER-Readings>
	<ER-Readings>
		<YLocation>13.699852029</YLocation>
		<XLocation>132.463502064</XLocation>
		<ElectricalReading>471</ElectricalReading>
	</ER-Readings>
	<ER-Readings>
		<YLocation>12.2907700101</YLocation>
		<XLocation>129.519428173</XLocation>
		<ElectricalReading>454</ElectricalReading>
	</ER-Readings>
	<ER-Readings>
		<YLocation>13.7907012132</YLocation>
		<XLocation>129.533799323</XLocation>
		<ElectricalReading>471</ElectricalReading>
	</ER-Readings>
	<ER-Readings>
		<YLocation>13.7646861186</YLocation>
		<XLocation>128.235398483</XLocation>
		<ElectricalReading>471</ElectricalReading>
	</ER-Readings>
	<ER-Readings>
		<YLocation>13.8005744802</YLocation>
		<XLocation>126.19160486</XLocation>
		<ElectricalReading>471</ElectricalReading>
	</ER-Readings>
	<ER-Readings>
		<YLocation>13.7765709897</YLocation>
		<XLocation>123.482258195</XLocation>
		<ElectricalReading>471</ElectricalReading>
	</ER-Readings>
	<ER-Readings>
		<YLocation>13.7860249299</YLocation>
		<XLocation>121.79081573</XLocation>
		<ElectricalReading>471</ElectricalReading>
	</ER-Readings>
	<ER-Readings>
		<YLocation>13.8116154584</YLocation>
		<XLocation>119.576458421</XLocation>
		<ElectricalReading>471</ElectricalReading>
	</ER-Readings>
	<ER-Readings>
		<YLocation>13.8069778684</YLocation>
		<XLocation>117.490550411</XLocation>
		<ElectricalReading>471</ElectricalReading>
	</ER-Readings>
	<ER-Readings>
		<YLocation>13.8334226595</YLocation>
		<XLocation>115.381825966</XLocation>
		<ElectricalReading>471</ElectricalReading>
	</ER-Readings>
	<ER-Readings>
		<YLocation>13.8098377611</YLocation>
		<XLocation>113.474474054</XLocation>
		<ElectricalReading>471</ElectricalReading>
	</ER-Readings>
	<ER-Readings>
		<YLocation>13.8070896008</YLocation>
		<XLocation>112.070312042</XLocation>
		<ElectricalReading>471</ElectricalReading>
	</ER-Readings>
	<ER-Readings>
		<YLocation>12.3129767281</YLocation>
		<XLocation>97.9813737949</XLocation>
		<ElectricalReading>432</ElectricalReading>
	</ER-Readings>
	<ER-Readings>
		<YLocation>12.3289618403</YLocation>
		<XLocation>87.8987277664</XLocation>
		<ElectricalReading>399</ElectricalReading>
	</ER-Readings>
	<ER-Readings>
		<YLocation>12.3080722128</YLocation>
		<XLocation>86.3127555964</XLocation>
		<ElectricalReading>374</ElectricalReading>
	</ER-Readings>
	<ER-Readings>
		<YLocation>10.4112588776</YLocation>
		<XLocation>81.8969655753</XLocation>
		<ElectricalReading>101</ElectricalReading>
	</ER-Readings>
	<ER-Readings>
		<YLocation>12.3029066396</YLocation>
		<XLocation>79.7629517732</XLocation>
		<ElectricalReading>396</ElectricalReading>
	</ER-Readings>
	<ER-Readings>
		<YLocation>10.4092177643</YLocation>
		<XLocation>77.9215703815</XLocation>
		<ElectricalReading>334</ElectricalReading>
	</ER-Readings>
	<ER-Readings>
		<YLocation>19.9764453668</YLocation>
		<XLocation>84.4520361834</XLocation>
		<ElectricalReading>277</ElectricalReading>
	</ER-Readings>
	<ER-Readings>
		<YLocation>19.9770663212</YLocation>
		<XLocation>92.2914542575</XLocation>
		<ElectricalReading>423</ElectricalReading>
	</ER-Readings>
	<ER-Readings>
		<YLocation>20.071439383</YLocation>
		<XLocation>106.078288449</XLocation>
		<ElectricalReading>267</ElectricalReading>
	</ER-Readings>
	<ER-Readings>
		<YLocation>20.102037652</YLocation>
		<XLocation>108.390087652</XLocation>
		<ElectricalReading>416</ElectricalReading>
	</ER-Readings>
	<ER-Readings>
		<YLocation>18.6183824538</YLocation>
		<XLocation>110.056915922</XLocation>
		<ElectricalReading>487</ElectricalReading>
	</ER-Readings>
	<ER-Readings>
		<YLocation>18.6115305357</YLocation>
		<XLocation>120.392722293</XLocation>
		<ElectricalReading>422</ElectricalReading>
	</ER-Readings>
	<ER-Readings>
		<YLocation>20.0910567493</YLocation>
		<XLocation>124.400761006</XLocation>
		<ElectricalReading>314</ElectricalReading>
	</ER-Readings>
	<ER-Readings>
		<YLocation>16.6776008104</YLocation>
		<XLocation>130.150855394</XLocation>
		<ElectricalReading>327</ElectricalReading>
	</ER-Readings>
	<ER-Readings>
		<YLocation>16.6984364071</YLocation>
		<XLocation>136.16997608</XLocation>
		<ElectricalReading>436</ElectricalReading>
	</ER-Readings>
	<ER-Readings>
		<YLocation>20.1859239735</YLocation>
		<XLocation>151.940821878</XLocation>
		<ElectricalReading>278</ElectricalReading>
	</ER-Readings>
	<ER-Readings>
		<YLocation>20.1783732458</YLocation>
		<XLocation>161.977637952</XLocation>
		<ElectricalReading>394</ElectricalReading>
	</ER-Readings>
	<ER-Readings>
		<YLocation>20.1501761015</YLocation>
		<XLocation>168.424121026</XLocation>
		<ElectricalReading>300</ElectricalReading>
	</ER-Readings>
<ER-Readings>
		<YLocation>5.7917266693</YLocation>
		<XLocation>168.144193101</XLocation>
		<ElectricalReading>402</ElectricalReading>
	</ER-Readings>
	<ER-Readings>
		<YLocation>4.0147636412</YLocation>
		<XLocation>196.303113548</XLocation>
		<ElectricalReading>245</ElectricalReading>
	</ER-Readings>
	<ER-Readings>
		<YLocation>3.97974623837</YLocation>
		<XLocation>197.816908395</XLocation>
		<ElectricalReading>221</ElectricalReading>
	</ER-Readings>
	<ER-Readings>
		<YLocation>7.31548581599</YLocation>
		<XLocation>200.461234193</XLocation>
		<ElectricalReading>437</ElectricalReading>
	</ER-Readings>
	<ER-Readings>
		<YLocation>3.98216202764</YLocation>
		<XLocation>204.315153024</XLocation>
		<ElectricalReading>493</ElectricalReading>
	</ER-Readings>
	<ER-Readings>
		<YLocation>2.48466530793</YLocation>
		<XLocation>206.251987808</XLocation>
		<ElectricalReading>198</ElectricalReading>
	</ER-Readings>
	<ER-Readings>
		<YLocation>3.95395749531</YLocation>
		<XLocation>210.313047011</XLocation>
		<ElectricalReading>498</ElectricalReading>
	</ER-Readings>
	<ER-Readings>
		<YLocation>7.38006691136</YLocation>
		<XLocation>212.376041097</XLocation>
		<ElectricalReading>323</ElectricalReading>
	</ER-Readings>
	<ER-Readings>
		<YLocation>4.00624274404</YLocation>
		<XLocation>212.355843739</XLocation>
		<ElectricalReading>424</ElectricalReading>
	</ER-Readings>
	<ER-Readings>
		<YLocation>2.58156361473</YLocation>
		<XLocation>214.213003902</XLocation>
		<ElectricalReading>236</ElectricalReading>
	</ER-Readings>
	<ER-Readings>
		<YLocation>4.03436950575</YLocation>
		<XLocation>216.445713639</XLocation>
		<ElectricalReading>450</ElectricalReading>
	</ER-Readings>
	<ER-Readings>
		<YLocation>4.04799567182</YLocation>
		<XLocation>220.144619825</XLocation>
		<ElectricalReading>433</ElectricalReading>
	</ER-Readings>
	<ER-Readings>
		<YLocation>7.43652780802</YLocation>
		<XLocation>223.860686898</XLocation>
		<ElectricalReading>494</ElectricalReading>
	</ER-Readings>
	<ER-Readings>
		<YLocation>4.06311344415</YLocation>
		<XLocation>223.804357732</XLocation>
		<ElectricalReading>492</ElectricalReading>
	</ER-Readings>
	<ER-Readings>
		<YLocation>7.49176215647</YLocation>
		<XLocation>228.399239965</XLocation>
		<ElectricalReading>258</ElectricalReading>
	</ER-Readings>
	<ER-Readings>
		<YLocation>5.99182348629</YLocation>
		<XLocation>228.385670525</XLocation>
		<ElectricalReading>419</ElectricalReading>
	</ER-Readings>
	<ER-Readings>
		<YLocation>7.48128577497</YLocation>
		<XLocation>230.363991241</XLocation>
		<ElectricalReading>259</ElectricalReading>
	</ER-Readings>
	<ER-Readings>
		<YLocation>2.57277249258</YLocation>
		<XLocation>232.283872027</XLocation>
		<ElectricalReading>77</ElectricalReading>
	</ER-Readings>
	<ER-Readings>
		<YLocation>4.07519999265</YLocation>
		<XLocation>233.930527477</XLocation>
		<ElectricalReading>68</ElectricalReading>
	</ER-Readings>
	<ER-Readings>
		<YLocation>2.57567668701</YLocation>
		<XLocation>233.892712138</XLocation>
		<ElectricalReading>284</ElectricalReading>
	</ER-Readings>
	<ER-Readings>
		<YLocation>6.01706232573</YLocation>
		<XLocation>236.312141239</XLocation>
		<ElectricalReading>458</ElectricalReading>
	</ER-Readings>
	<ER-Readings>
		<YLocation>7.60686282615</YLocation>
		<XLocation>238.010876045</XLocation>
		<ElectricalReading>62</ElectricalReading>
	</ER-Readings>
	<ER-Readings>
		<YLocation>6.10707185104</YLocation>
		<XLocation>237.985832583</XLocation>
		<ElectricalReading>18</ElectricalReading>
	</ER-Readings>
	<ER-Readings>
		<YLocation>4.09999564651</YLocation>
		<XLocation>240.400745393</XLocation>
		<ElectricalReading>138</ElectricalReading>
	</ER-Readings>
	<ER-Readings>
		<YLocation>5.98962037413</YLocation>
		<XLocation>244.128966684</XLocation>
		<ElectricalReading>461</ElectricalReading>
	</ER-Readings>
	<ER-Readings>
		<YLocation>2.61763173205</YLocation>
		<XLocation>244.015873612</XLocation>
		<ElectricalReading>311</ElectricalReading>
	</ER-Readings>
	<ER-Readings>
		<YLocation>6.0248968134</YLocation>
		<XLocation>246.359178851</XLocation>
		<ElectricalReading>486</ElectricalReading>
	</ER-Readings>
	<ER-Readings>
		<YLocation>7.53767582025</YLocation>
		<XLocation>247.993854057</XLocation>
		<ElectricalReading>294</ElectricalReading>
	</ER-Readings>
	<ER-Readings>
		<YLocation>4.18229959135</YLocation>
		<XLocation>250.366778466</XLocation>
		<ElectricalReading>473</ElectricalReading>
	</ER-Readings>
	<ER-Readings>
		<YLocation>4.25521946325</YLocation>
		<XLocation>254.367557532</XLocation>
		<ElectricalReading>482</ElectricalReading>
	</ER-Readings>
	<ER-Readings>
		<YLocation>2.72691992477</YLocation>
		<XLocation>256.137694682</XLocation>
		<ElectricalReading>178</ElectricalReading>
	</ER-Readings>
	<ER-Readings>
		<YLocation>6.12872936913</YLocation>
		<XLocation>258.326021319</XLocation>
		<ElectricalReading>491</ElectricalReading>
	</ER-Readings>
	<ER-Readings>
		<YLocation>4.25707803918</YLocation>
		<XLocation>258.2345626</XLocation>
		<ElectricalReading>413</ElectricalReading>
	</ER-Readings>
	<ER-Readings>
		<YLocation>4.30675010803</YLocation>
		<XLocation>259.925128429</XLocation>
		<ElectricalReading>339</ElectricalReading>
	</ER-Readings>
	<ER-Readings>
		<YLocation>7.58649191825</YLocation>
		<XLocation>262.541589053</XLocation>
		<ElectricalReading>276</ElectricalReading>
	</ER-Readings>
	<ER-Readings>
		<YLocation>4.20279838125</YLocation>
		<XLocation>263.779607682</XLocation>
		<ElectricalReading>483</ElectricalReading>
	</ER-Readings>
	<ER-Readings>
		<YLocation>12.7262339196</YLocation>
		<XLocation>233.493679689</XLocation>
		<ElectricalReading>436</ElectricalReading>
	</ER-Readings>
	<ER-Readings>
		<YLocation>12.5790079306</YLocation>
		<XLocation>231.138195515</XLocation>
		<ElectricalReading>268</ElectricalReading>
	</ER-Readings>
	<ER-Readings>
		<YLocation>12.6861328353</YLocation>
		<XLocation>211.210250757</XLocation>
		<ElectricalReading>129</ElectricalReading>
	</ER-Readings>
	<ER-Readings>
		<YLocation>12.7084870165</YLocation>
		<XLocation>207.538001079</XLocation>
		<ElectricalReading>381</ElectricalReading>
	</ER-Readings>
	<ER-Readings>
		<YLocation>12.5812894699</YLocation>
		<XLocation>205.722895083</XLocation>
		<ElectricalReading>259</ElectricalReading>
	</ER-Readings>
	<ER-Readings>
		<YLocation>12.6277160042</YLocation>
		<XLocation>201.118469948</XLocation>
		<ElectricalReading>185</ElectricalReading>
	</ER-Readings>
	<ER-Readings>
		<YLocation>12.7008236881</YLocation>
		<XLocation>197.244839749</XLocation>
		<ElectricalReading>390</ElectricalReading>
	</ER-Readings>
	<ER-Readings>
		<YLocation>12.6782800874</YLocation>
		<XLocation>191.200714753</XLocation>
		<ElectricalReading>76</ElectricalReading>
	</ER-Readings>
	<ER-Readings>
		<YLocation>12.6526713957</YLocation>
		<XLocation>189.22700007</XLocation>
		<ElectricalReading>40</ElectricalReading>
	</ER-Readings>
	<ER-Readings>
		<YLocation>12.5843774554</YLocation>
		<XLocation>185.151723179</XLocation>
		<ElectricalReading>262</ElectricalReading>
	</ER-Readings>
	<ER-Readings>
		<YLocation>12.6584718417</YLocation>
		<XLocation>183.111187525</XLocation>
		<ElectricalReading>470</ElectricalReading>
	</ER-Readings>
	<ER-Readings>
		<YLocation>12.5342554677</YLocation>
		<XLocation>171.572401594</XLocation>
		<ElectricalReading>445</ElectricalReading>
	</ER-Readings>
	<ER-Readings>
		<YLocation>12.6144665977</YLocation>
		<XLocation>165.569611431</XLocation>
		<ElectricalReading>270</ElectricalReading>
	</ER-Readings>
	<ER-Readings>
		<YLocation>20.3157112306</YLocation>
		<XLocation>173.960447622</XLocation>
		<ElectricalReading>315</ElectricalReading>
	</ER-Readings>
	<ER-Readings>
		<YLocation>20.2921013893</YLocation>
		<XLocation>180.235475877</XLocation>
		<ElectricalReading>141</ElectricalReading>
	</ER-Readings>
	<ER-Readings>
		<YLocation>18.893650392</YLocation>
		<XLocation>193.960447974</XLocation>
		<ElectricalReading>320</ElectricalReading>
	</ER-Readings>
	<ER-Readings>
		<YLocation>20.4443500927</YLocation>
		<XLocation>202.350990931</XLocation>
		<ElectricalReading>339</ElectricalReading>
	</ER-Readings>
	<ER-Readings>
		<YLocation>20.4240482456</YLocation>
		<XLocation>208.024179809</XLocation>
		<ElectricalReading>311</ElectricalReading>
	</ER-Readings>
	<ER-Readings>
		<YLocation>20.4249623455</YLocation>
		<XLocation>214.31393765</XLocation>
		<ElectricalReading>258</ElectricalReading>
	</ER-Readings>
	<ER-Readings>
		<YLocation>20.4367270102</YLocation>
		<XLocation>215.417452816</XLocation>
		<ElectricalReading>460</ElectricalReading>
	</ER-Readings>
	<ER-Readings>
		<YLocation>20.4569279758</YLocation>
		<XLocation>218.387015207</XLocation>
		<ElectricalReading>105</ElectricalReading>
	</ER-Readings>
	<ER-Readings>
		<YLocation>20.441470475</YLocation>
		<XLocation>230.345328571</XLocation>
		<ElectricalReading>205</ElectricalReading>
	</ER-Readings>
	<ER-Readings>
		<YLocation>20.3959760085</YLocation>
		<XLocation>231.99415162</XLocation>
		<ElectricalReading>270</ElectricalReading>
	</ER-Readings>
	<ER-Readings>
		<YLocation>20.5289005082</YLocation>
		<XLocation>234.312407164</XLocation>
		<ElectricalReading>483</ElectricalReading>
	</ER-Readings>
	<ER-Readings>
		<YLocation>20.4957609338</YLocation>
		<XLocation>240.329427307</XLocation>
		<ElectricalReading>154</ElectricalReading>
	</ER-Readings>
	<ER-Readings>
		<YLocation>20.5263208347</YLocation>
		<XLocation>246.432568403</XLocation>
		<ElectricalReading>308</ElectricalReading>
	</ER-Readings>
	<ER-Readings>
		<YLocation>17.1096927266</YLocation>
		<XLocation>247.95173423</XLocation>
		<ElectricalReading>217</ElectricalReading>
	</ER-Readings>
	<ER-Readings>
		<YLocation>18.9627170296</YLocation>
		<XLocation>250.374584553</XLocation>
		<ElectricalReading>94</ElectricalReading>
	</ER-Readings>
	<ER-Readings>
		<YLocation>20.452182151</YLocation>
		<XLocation>254.323301894</XLocation>
		<ElectricalReading>494</ElectricalReading>
	</ER-Readings>
	<ER-Readings>
		<YLocation>20.4256675617</YLocation>
		<XLocation>255.963257388</XLocation>
		<ElectricalReading>468</ElectricalReading>
	</ER-Readings>
	<ER-Readings>
		<YLocation>17.0517918706</YLocation>
		<XLocation>255.955494243</XLocation>
		<ElectricalReading>487</ElectricalReading>
	</ER-Readings>
	<ER-Readings>
		<YLocation>20.4718021017</YLocation>
		<XLocation>258.356576167</XLocation>
		<ElectricalReading>475</ElectricalReading>
	</ER-Readings>
	<ER-Readings>
		<YLocation>20.4862506211</YLocation>
		<XLocation>261.780203345</XLocation>
		<ElectricalReading>297</ElectricalReading>
	</ER-Readings>
<ER-Readings>
		<YLocation>38.9686979083</YLocation>
		<XLocation>123.288011745</XLocation>
		<ElectricalReading>497</ElectricalReading>
	</ER-Readings>
	<ER-Readings>
		<YLocation>39.0343813932</YLocation>
		<XLocation>115.273964085</XLocation>
		<ElectricalReading>472</ElectricalReading>
	</ER-Readings>
	<ER-Readings>
		<YLocation>39.0193422686</YLocation>
		<XLocation>111.174078083</XLocation>
		<ElectricalReading>495</ElectricalReading>
	</ER-Readings>
	<ER-Readings>
		<YLocation>39.0294609585</YLocation>
		<XLocation>87.2720373542</XLocation>
		<ElectricalReading>408</ElectricalReading>
	</ER-Readings>
	<ER-Readings>
		<YLocation>35.6132776017</YLocation>
		<XLocation>85.4226472171</XLocation>
		<ElectricalReading>281</ElectricalReading>
	</ER-Readings>
	<ER-Readings>
		<YLocation>38.8918411411</YLocation>
		<XLocation>75.3121674007</XLocation>
		<ElectricalReading>465</ElectricalReading>
	</ER-Readings>
	<ER-Readings>
		<YLocation>36.991671857</YLocation>
		<XLocation>73.3409493977</XLocation>
		<ElectricalReading>479</ElectricalReading>
	</ER-Readings>
	<ER-Readings>
		<YLocation>38.8598672341</YLocation>
		<XLocation>67.2142402282</XLocation>
		<ElectricalReading>420</ElectricalReading>
	</ER-Readings>
	<ER-Readings>
		<YLocation>38.7867438351</YLocation>
		<XLocation>55.2003428615</XLocation>
		<ElectricalReading>489</ElectricalReading>
	</ER-Readings>
	<ER-Readings>
		<YLocation>40.2867426587</YLocation>
		<XLocation>55.1984262745</XLocation>
		<ElectricalReading>29</ElectricalReading>
	</ER-Readings>
	<ER-Readings>
		<YLocation>38.777955902</YLocation>
		<XLocation>53.1966770902</XLocation>
		<ElectricalReading>9</ElectricalReading>
	</ER-Readings>
	<ER-Readings>
		<YLocation>40.2779559023</YLocation>
		<XLocation>53.1970555027</XLocation>
		<ElectricalReading>237</ElectricalReading>
	</ER-Readings>
	<ER-Readings>
		<YLocation>38.7997601974</YLocation>
		<XLocation>51.1733098381</XLocation>
		<ElectricalReading>499</ElectricalReading>
	</ER-Readings>
	<ER-Readings>
		<YLocation>40.2997520171</YLocation>
		<XLocation>51.1782782418</XLocation>
		<ElectricalReading>431</ElectricalReading>
	</ER-Readings>
	<ER-Readings>
		<YLocation>38.761554291</YLocation>
		<XLocation>49.2095903962</XLocation>
		<ElectricalReading>200</ElectricalReading>
	</ER-Readings>
	<ER-Readings>
		<YLocation>40.2615519567</YLocation>
		<XLocation>49.2122638074</XLocation>
		<ElectricalReading>231</ElectricalReading>
	</ER-Readings>
	<ER-Readings>
		<YLocation>38.8187648406</YLocation>
		<XLocation>47.1929109887</XLocation>
		<ElectricalReading>420</ElectricalReading>
	</ER-Readings>
	<ER-Readings>
		<YLocation>40.3186478474</YLocation>
		<XLocation>47.2116489145</XLocation>
		<ElectricalReading>217</ElectricalReading>
	</ER-Readings>
	<ER-Readings>
		<YLocation>38.8579480527</YLocation>
		<XLocation>45.2941532643</XLocation>
		<ElectricalReading>386</ElectricalReading>
	</ER-Readings>
	<ER-Readings>
		<YLocation>38.8300455157</YLocation>
		<XLocation>43.5222108642</XLocation>
		<ElectricalReading>201</ElectricalReading>
	</ER-Readings>
	<ER-Readings>
		<YLocation>35.4701729018</YLocation>
		<XLocation>41.1222948228</XLocation>
		<ElectricalReading>278</ElectricalReading>
	</ER-Readings>
	<ER-Readings>
		<YLocation>38.8438548039</YLocation>
		<XLocation>41.1592795332</XLocation>
		<ElectricalReading>498</ElectricalReading>
	</ER-Readings>
	<ER-Readings>
		<YLocation>38.8039843438</YLocation>
		<XLocation>37.1704598432</XLocation>
		<ElectricalReading>486</ElectricalReading>
	</ER-Readings>
	<ER-Readings>
		<YLocation>35.4290409759</YLocation>
		<XLocation>35.3215669039</XLocation>
		<ElectricalReading>260</ElectricalReading>
	</ER-Readings>
	<ER-Readings>
		<YLocation>38.8028913373</YLocation>
		<XLocation>35.3367716406</XLocation>
		<ElectricalReading>203</ElectricalReading>
	</ER-Readings>
	<ER-Readings>
		<YLocation>38.80691808</YLocation>
		<XLocation>33.5700944695</XLocation>
		<ElectricalReading>472</ElectricalReading>
	</ER-Readings>
	<ER-Readings>
		<YLocation>38.7855457224</YLocation>
		<XLocation>31.468562531</XLocation>
		<ElectricalReading>408</ElectricalReading>
	</ER-Readings>
	<ER-Readings>
		<YLocation>29.0749030612</YLocation>
		<XLocation>35.4523548765</XLocation>
		<ElectricalReading>229</ElectricalReading>
	</ER-Readings>
	<ER-Readings>
		<YLocation>30.4221853297</YLocation>
		<XLocation>39.1269954594</XLocation>
		<ElectricalReading>372</ElectricalReading>
	</ER-Readings>
	<ER-Readings>
		<YLocation>32.2928375699</YLocation>
		<XLocation>40.9265085315</XLocation>
		<ElectricalReading>391</ElectricalReading>
	</ER-Readings>
	<ER-Readings>
		<YLocation>28.9196257645</YLocation>
		<XLocation>40.8591322635</XLocation>
		<ElectricalReading>22</ElectricalReading>
	</ER-Readings>
	<ER-Readings>
		<YLocation>32.224956367</YLocation>
		<XLocation>43.3917140146</XLocation>
		<ElectricalReading>182</ElectricalReading>
	</ER-Readings>
	<ER-Readings>
		<YLocation>32.2569925976</YLocation>
		<XLocation>45.4117703069</XLocation>
		<ElectricalReading>1</ElectricalReading>
	</ER-Readings>
	<ER-Readings>
		<YLocation>33.7759075696</YLocation>
		<XLocation>46.9449515832</XLocation>
		<ElectricalReading>1</ElectricalReading>
	</ER-Readings>
	<ER-Readings>
		<YLocation>30.3173032811</YLocation>
		<XLocation>57.4610054749</XLocation>
		<ElectricalReading>459</ElectricalReading>
	</ER-Readings>
	<ER-Readings>
		<YLocation>33.7636127372</YLocation>
		<XLocation>59.3541727468</XLocation>
		<ElectricalReading>227</ElectricalReading>
	</ER-Readings>
	<ER-Readings>
		<YLocation>30.4499902351</YLocation>
		<XLocation>77.5456479341</XLocation>
		<ElectricalReading>486</ElectricalReading>
	</ER-Readings>
	<ER-Readings>
		<YLocation>33.8165576656</YLocation>
		<XLocation>82.7657306777</XLocation>
		<ElectricalReading>199</ElectricalReading>
	</ER-Readings>
<ER-Readings>
		<YLocation>35.7380360192</YLocation>
		<XLocation>204.971484287</XLocation>
		<ElectricalReading>242</ElectricalReading>
	</ER-Readings>
	<ER-Readings>
		<YLocation>39.0396745119</YLocation>
		<XLocation>199.502985503</XLocation>
		<ElectricalReading>443</ElectricalReading>
	</ER-Readings>
	<ER-Readings>
		<YLocation>39.0755231089</YLocation>
		<XLocation>190.897596628</XLocation>
		<ElectricalReading>450</ElectricalReading>
	</ER-Readings>
	<ER-Readings>
		<YLocation>40.5754524806</YLocation>
		<XLocation>190.912157669</XLocation>
		<ElectricalReading>250</ElectricalReading>
	</ER-Readings>
	<ER-Readings>
		<YLocation>39.0974153588</YLocation>
		<XLocation>189.250727228</XLocation>
		<ElectricalReading>466</ElectricalReading>
	</ER-Readings>
	<ER-Readings>
		<YLocation>39.0565912244</YLocation>
		<XLocation>184.844683364</XLocation>
		<ElectricalReading>249</ElectricalReading>
	</ER-Readings>
	<ER-Readings>
		<YLocation>40.6123618465</YLocation>
		<XLocation>183.359749447</XLocation>
		<ElectricalReading>234</ElectricalReading>
	</ER-Readings>
	<ER-Readings>
		<YLocation>39.0629040796</YLocation>
		<XLocation>181.23647178</XLocation>
		<ElectricalReading>294</ElectricalReading>
	</ER-Readings>
	<ER-Readings>
		<YLocation>35.6889613931</YLocation>
		<XLocation>178.950960712</XLocation>
		<ElectricalReading>441</ElectricalReading>
	</ER-Readings>
	<ER-Readings>
		<YLocation>35.6864229866</YLocation>
		<XLocation>176.786196116</XLocation>
		<ElectricalReading>451</ElectricalReading>
	</ER-Readings>
	<ER-Readings>
		<YLocation>39.0602858977</YLocation>
		<XLocation>176.798299944</XLocation>
		<ElectricalReading>415</ElectricalReading>
	</ER-Readings>
	<ER-Readings>
		<YLocation>39.0863149026</YLocation>
		<XLocation>175.24688108</XLocation>
		<ElectricalReading>402</ElectricalReading>
	</ER-Readings>
	<ER-Readings>
		<YLocation>39.0532816633</YLocation>
		<XLocation>170.907895881</XLocation>
		<ElectricalReading>331</ElectricalReading>
	</ER-Readings>
	<ER-Readings>
		<YLocation>39.0662998236</YLocation>
		<XLocation>169.183846634</XLocation>
		<ElectricalReading>317</ElectricalReading>
	</ER-Readings>
	<ER-Readings>
		<YLocation>39.065897544</YLocation>
		<XLocation>167.306527079</XLocation>
		<ElectricalReading>347</ElectricalReading>
	</ER-Readings>
	<ER-Readings>
		<YLocation>35.6872547146</YLocation>
		<XLocation>164.795336353</XLocation>
		<ElectricalReading>316</ElectricalReading>
	</ER-Readings>
	<ER-Readings>
		<YLocation>39.0607945</YLocation>
		<XLocation>164.843572868</XLocation>
		<ElectricalReading>347</ElectricalReading>
	</ER-Readings>
	<ER-Readings>
		<YLocation>40.5073634127</YLocation>
		<XLocation>162.786513522</XLocation>
		<ElectricalReading>243</ElectricalReading>
	</ER-Readings>
	<ER-Readings>
		<YLocation>39.0470798431</YLocation>
		<XLocation>160.906923337</XLocation>
		<ElectricalReading>491</ElectricalReading>
	</ER-Readings>
	<ER-Readings>
		<YLocation>35.668587398</YLocation>
		<XLocation>158.733367521</XLocation>
		<ElectricalReading>259</ElectricalReading>
	</ER-Readings>
	<ER-Readings>
		<YLocation>39.0423592123</YLocation>
		<XLocation>158.760957198</XLocation>
		<ElectricalReading>494</ElectricalReading>
	</ER-Readings>
	<ER-Readings>
		<YLocation>35.6798045534</YLocation>
		<XLocation>156.935090257</XLocation>
		<ElectricalReading>496</ElectricalReading>
	</ER-Readings>
	<ER-Readings>
		<YLocation>39.0536674645</YLocation>
		<XLocation>156.947194085</XLocation>
		<ElectricalReading>377</ElectricalReading>
	</ER-Readings>
	<ER-Readings>
		<YLocation>39.0168664898</YLocation>
		<XLocation>155.513908566</XLocation>
		<ElectricalReading>451</ElectricalReading>
	</ER-Readings>
	<ER-Readings>
		<YLocation>35.7133433771</YLocation>
		<XLocation>152.744770256</XLocation>
		<ElectricalReading>240</ElectricalReading>
	</ER-Readings>
	<ER-Readings>
		<YLocation>39.0868054122</YLocation>
		<XLocation>152.798168228</XLocation>
		<ElectricalReading>440</ElectricalReading>
	</ER-Readings>
	<ER-Readings>
		<YLocation>39.0045715098</YLocation>
		<XLocation>151.14209211</XLocation>
		<ElectricalReading>385</ElectricalReading>
	</ER-Readings>
	<ER-Readings>
		<YLocation>35.6838045847</YLocation>
		<XLocation>148.713992029</XLocation>
		<ElectricalReading>238</ElectricalReading>
	</ER-Readings>
	<ER-Readings>
		<YLocation>39.0573443701</YLocation>
		<XLocation>148.762228544</XLocation>
		<ElectricalReading>249</ElectricalReading>
	</ER-Readings>
	<ER-Readings>
		<YLocation>39.0477030641</YLocation>
		<XLocation>147.005894748</XLocation>
		<ElectricalReading>296</ElectricalReading>
	</ER-Readings>
	<ER-Readings>
		<YLocation>39.0229039192</YLocation>
		<XLocation>144.92773337</XLocation>
		<ElectricalReading>361</ElectricalReading>
	</ER-Readings>
	<ER-Readings>
		<YLocation>35.6410408927</YLocation>
		<XLocation>138.84008579</XLocation>
		<ElectricalReading>36</ElectricalReading>
	</ER-Readings>
	<ER-Readings>
		<YLocation>39.0146505314</YLocation>
		<XLocation>138.883160735</XLocation>
		<ElectricalReading>357</ElectricalReading>
	</ER-Readings>
	<ER-Readings>
		<YLocation>38.9677194282</YLocation>
		<XLocation>126.843638564</XLocation>
		<ElectricalReading>249</ElectricalReading>
	</ER-Readings>
	<ER-Readings>
		<YLocation>35.5894695901</YLocation>
		<XLocation>122.761794807</XLocation>
		<ElectricalReading>117</ElectricalReading>
	</ER-Readings>
	<ER-Readings>
		<YLocation>38.9626509931</YLocation>
		<XLocation>122.830676353</XLocation>
		<ElectricalReading>391</ElectricalReading>
	</ER-Readings>
	<ER-Readings>
		<YLocation>38.9395490353</YLocation>
		<XLocation>119.178002388</XLocation>
		<ElectricalReading>478</ElectricalReading>
	</ER-Readings>
	<ER-Readings>
		<YLocation>40.4393957718</YLocation>
		<XLocation>119.199447927</XLocation>
		<ElectricalReading>66</ElectricalReading>
	</ER-Readings>
	<ER-Readings>
		<YLocation>34.2546027636</YLocation>
		<XLocation>123.535655157</XLocation>
		<ElectricalReading>246</ElectricalReading>
	</ER-Readings>
	<ER-Readings>
		<YLocation>29.0972870303</YLocation>
		<XLocation>132.925061928</XLocation>
		<ElectricalReading>432</ElectricalReading>
	</ER-Readings>
	<ER-Readings>
		<YLocation>33.9043891873</YLocation>
		<XLocation>135.366589587</XLocation>
		<ElectricalReading>472</ElectricalReading>
	</ER-Readings>
	<ER-Readings>
		<YLocation>30.499770311</YLocation>
		<XLocation>149.58257528</XLocation>
		<ElectricalReading>463</ElectricalReading>
	</ER-Readings>
	<ER-Readings>
		<YLocation>30.5926461497</YLocation>
		<XLocation>157.370873857</XLocation>
		<ElectricalReading>253</ElectricalReading>
	</ER-Readings>
	<ER-Readings>
		<YLocation>30.6144069276</YLocation>
		<XLocation>161.519201692</XLocation>
		<ElectricalReading>155</ElectricalReading>
	</ER-Readings>
	<ER-Readings>
		<YLocation>33.9067510904</YLocation>
		<XLocation>183.100050426</XLocation>
		<ElectricalReading>418</ElectricalReading>
	</ER-Readings>
	<ER-Readings>
		<YLocation>33.967471666</YLocation>
		<XLocation>197.593483998</XLocation>
		<ElectricalReading>483</ElectricalReading>
	</ER-Readings>
<ER-Readings>
		<YLocation>40.6579162029</YLocation>
		<XLocation>282.399743256</XLocation>
		<ElectricalReading>50</ElectricalReading>
	</ER-Readings>
	<ER-Readings>
		<YLocation>35.9077333463</YLocation>
		<XLocation>280.482622467</XLocation>
		<ElectricalReading>493</ElectricalReading>
	</ER-Readings>
	<ER-Readings>
		<YLocation>39.2799595334</YLocation>
		<XLocation>280.588395754</XLocation>
		<ElectricalReading>6</ElectricalReading>
	</ER-Readings>
	<ER-Readings>
		<YLocation>37.373585096</YLocation>
		<XLocation>275.641118091</XLocation>
		<ElectricalReading>456</ElectricalReading>
	</ER-Readings>
	<ER-Readings>
		<YLocation>35.8566637036</YLocation>
		<XLocation>273.713879674</XLocation>
		<ElectricalReading>1</ElectricalReading>
	</ER-Readings>
	<ER-Readings>
		<YLocation>37.356628295</YLocation>
		<XLocation>273.724193191</XLocation>
		<ElectricalReading>397</ElectricalReading>
	</ER-Readings>
	<ER-Readings>
		<YLocation>39.2003098333</YLocation>
		<XLocation>269.582087524</XLocation>
		<ElectricalReading>426</ElectricalReading>
	</ER-Readings>
	<ER-Readings>
		<YLocation>39.2236940309</YLocation>
		<XLocation>267.737837385</XLocation>
		<ElectricalReading>484</ElectricalReading>
	</ER-Readings>
	<ER-Readings>
		<YLocation>39.2475614099</YLocation>
		<XLocation>236.030772909</XLocation>
		<ElectricalReading>255</ElectricalReading>
	</ER-Readings>
	<ER-Readings>
		<YLocation>39.2289943713</YLocation>
		<XLocation>229.611756322</XLocation>
		<ElectricalReading>473</ElectricalReading>
	</ER-Readings>
	<ER-Readings>
		<YLocation>39.2020384327</YLocation>
		<XLocation>227.626621361</XLocation>
		<ElectricalReading>244</ElectricalReading>
	</ER-Readings>
	<ER-Readings>
		<YLocation>39.1825859941</YLocation>
		<XLocation>215.596448844</XLocation>
		<ElectricalReading>426</ElectricalReading>
	</ER-Readings>
	<ER-Readings>
		<YLocation>39.1017750745</YLocation>
		<XLocation>203.669132383</XLocation>
		<ElectricalReading>491</ElectricalReading>
	</ER-Readings>
	<ER-Readings>
		<YLocation>34.567475752</YLocation>
		<XLocation>203.329464632</XLocation>
		<ElectricalReading>408</ElectricalReading>
	</ER-Readings>
	<ER-Readings>
		<YLocation>31.1959927621</YLocation>
		<XLocation>203.456743437</XLocation>
		<ElectricalReading>226</ElectricalReading>
	</ER-Readings>
	<ER-Readings>
		<YLocation>34.2405937176</YLocation>
		<XLocation>227.472963818</XLocation>
		<ElectricalReading>277</ElectricalReading>
	</ER-Readings>
	<ER-Readings>
		<YLocation>30.7640489837</YLocation>
		<XLocation>233.314671355</XLocation>
		<ElectricalReading>396</ElectricalReading>
	</ER-Readings>
	<ER-Readings>
		<YLocation>34.1242923661</YLocation>
		<XLocation>236.913358713</XLocation>
		<ElectricalReading>464</ElectricalReading>
	</ER-Readings>
	<ER-Readings>
		<YLocation>30.8266582183</YLocation>
		<XLocation>269.625653015</XLocation>
		<ElectricalReading>82</ElectricalReading>
	</ER-Readings>
	<ER-Readings>
		<YLocation>32.6861038402</YLocation>
		<XLocation>271.373456131</XLocation>
		<ElectricalReading>9</ElectricalReading>
	</ER-Readings>
	<ER-Readings>
		<YLocation>34.2298160944</YLocation>
		<XLocation>273.072819411</XLocation>
		<ElectricalReading>133</ElectricalReading>
	</ER-Readings>
	<ER-Readings>
		<YLocation>34.2417031524</YLocation>
		<XLocation>275.676414844</XLocation>
		<ElectricalReading>50</ElectricalReading>
	</ER-Readings>
	<ER-Readings>
		<YLocation>34.2433883865</YLocation>
		<XLocation>277.494031755</XLocation>
		<ElectricalReading>383</ElectricalReading>
	</ER-Readings>
</ER>