<ER xmlns:ns1="http://www.infrateksolutions.com" xmlns:xsi="http://www.w3.org/2001/XMLSchema-instance" xsi:noNamespaceSchemaLocation="xsd/ERDataFormat.xsd" xsi:schemaLocation="http://www.infrateksolutions.com xsd/commonTypes.xsd">
	<BridgeInformation>
		<ns1:State>010</ns1:State>
		<ns1:StructureID>1806060</ns1:StructureID>
		<ns1:StructureName>I-495 SB over Route 13</ns1:StructureName>
	</BridgeInformation>
	<DeckInformation>
		<ns1:DeckType>grooved</ns1:DeckType>
		<ns1:ConcreteSurfaceType>grooved</ns1:ConcreteSurfaceType>
		<ns1:DeckStatus>dry</ns1:DeckStatus>
		<ns1:PresenceOf />
	</DeckInformation>
	<TestInformation>
		<ns1:Date>2017-11-06</ns1:Date>
		<ns1:Time>22:46:00</ns1:Time>
		<ns1:JobID>1</ns1:JobID>
		<ns1:OperatorName1>Bill Griner</ns1:OperatorName1>
		<ns1:OperatorName2 />
		<ns1:UnitNumber>Rabit-CE 1 - Unit 1</ns1:UnitNumber>
		<ns1:LastCalibrationDate>2017-05-30</ns1:LastCalibrationDate>
		<ns1:WeatherCondition>
			<ns1:WeatherForecast>1</ns1:WeatherForecast>
			<ns1:AmbientTemperature>51.0</ns1:AmbientTemperature>
			<ns1:WindSpeed>15.0</ns1:WindSpeed>
			<ns1:WeatherConditionTheDayBefore>4</ns1:WeatherConditionTheDayBefore>
		</ns1:WeatherCondition>
	</TestInformation>
	<SensorInformation>
		<Name>Wenner Probe</Name>
		<Manufacturer>Proceq</Manufacturer>
		<Model>381 20 000 Resipod</Model>
		<SurfaceResistivityResolution>4 feet</SurfaceResistivityResolution>
		<ProbeSpacing>50 mm</ProbeSpacing>
		<Accuracy>1 k/CM</Accuracy>
	</SensorInformation>
	<ER-Readings>
		<YLocation>7.28339126665</YLocation>
		<XLocation>4.93846876502</XLocation>
		<ElectricalReading>205</ElectricalReading>
	</ER-Readings>
	<ER-Readings>
		<YLocation>5.78407453516</YLocation>
		<XLocation>4.89319755258</XLocation>
		<ElectricalReading>230</ElectricalReading>
	</ER-Readings>
	<ER-Readings>
		<YLocation>7.19887816628</YLocation>
		<XLocation>6.72407157479</XLocation>
		<ElectricalReading>229</ElectricalReading>
	</ER-Readings>
	<ER-Readings>
		<YLocation>5.69956143479</YLocation>
		<XLocation>6.67880036236</XLocation>
		<ElectricalReading>380</ElectricalReading>
	</ER-Readings>
	<ER-Readings>
		<YLocation>2.32721376639</YLocation>
		<XLocation>6.57697380063</XLocation>
		<ElectricalReading>348</ElectricalReading>
	</ER-Readings>
	<ER-Readings>
		<YLocation>3.71197074987</YLocation>
		<XLocation>8.82637575166</XLocation>
		<ElectricalReading>317</ElectricalReading>
	</ER-Readings>
	<ER-Readings>
		<YLocation>3.7264605906</YLocation>
		<XLocation>10.8138947466</XLocation>
		<ElectricalReading>441</ElectricalReading>
	</ER-Readings>
	<ER-Readings>
		<YLocation>3.70904372853</YLocation>
		<XLocation>12.3456683754</XLocation>
		<ElectricalReading>341</ElectricalReading>
	</ER-Readings>
	<ER-Readings>
		<YLocation>3.68279685742</YLocation>
		<XLocation>14.9907927175</XLocation>
		<ElectricalReading>370</ElectricalReading>
	</ER-Readings>
	<ER-Readings>
		<YLocation>3.71734169312</YLocation>
		<XLocation>16.858650403</XLocation>
		<ElectricalReading>374</ElectricalReading>
	</ER-Readings>
	<ER-Readings>
		<YLocation>7.08267745326</YLocation>
		<XLocation>18.9136683142</XLocation>
		<ElectricalReading>253</ElectricalReading>
	</ER-Readings>
	<ER-Readings>
		<YLocation>2.21478213704</YLocation>
		<XLocation>20.6465803791</XLocation>
		<ElectricalReading>235</ElectricalReading>
	</ER-Readings>
	<ER-Readings>
		<YLocation>7.03443348203</YLocation>
		<XLocation>24.385046684</XLocation>
		<ElectricalReading>273</ElectricalReading>
	</ER-Readings>
	<ER-Readings>
		<YLocation>7.08328611789</YLocation>
		<XLocation>27.0833650756</XLocation>
		<ElectricalReading>280</ElectricalReading>
	</ER-Readings>
	<ER-Readings>
		<YLocation>7.09907605272</YLocation>
		<XLocation>28.9351995246</XLocation>
		<ElectricalReading>42</ElectricalReading>
	</ER-Readings>
	<ER-Readings>
		<YLocation>2.20839684242</YLocation>
		<XLocation>30.9331898443</XLocation>
		<ElectricalReading>180</ElectricalReading>
	</ER-Readings>
	<ER-Readings>
		<YLocation>3.78587451153</YLocation>
		<XLocation>34.2131081359</XLocation>
		<ElectricalReading>418</ElectricalReading>
	</ER-Readings>
	<ER-Readings>
		<YLocation>7.10868693511</YLocation>
		<XLocation>36.8670925202</XLocation>
		<ElectricalReading>280</ElectricalReading>
	</ER-Readings>
	<ER-Readings>
		<YLocation>3.80224314956</YLocation>
		<XLocation>42.7828460587</XLocation>
		<ElectricalReading>194</ElectricalReading>
	</ER-Readings>
	<ER-Readings>
		<YLocation>2.33750470085</YLocation>
		<XLocation>50.9453824576</XLocation>
		<ElectricalReading>473</ElectricalReading>
	</ER-Readings>
	<ER-Readings>
		<YLocation>3.87546897003</YLocation>
		<XLocation>56.4861690552</XLocation>
		<ElectricalReading>430</ElectricalReading>
	</ER-Readings>
	<ER-Readings>
		<YLocation>7.24712136946</YLocation>
		<XLocation>62.9444439352</XLocation>
		<ElectricalReading>33</ElectricalReading>
	</ER-Readings>
	<ER-Readings>
		<YLocation>3.87323703705</YLocation>
		<XLocation>62.9458427779</XLocation>
		<ElectricalReading>383</ElectricalReading>
	</ER-Readings>
	<ER-Readings>
		<YLocation>7.24588824565</YLocation>
		<XLocation>66.6130084733</XLocation>
		<ElectricalReading>60</ElectricalReading>
	</ER-Readings>
	<ER-Readings>
		<YLocation>7.24548072392</YLocation>
		<XLocation>68.810180413</XLocation>
		<ElectricalReading>197</ElectricalReading>
	</ER-Readings>
	<ER-Readings>
		<YLocation>5.74107230294</YLocation>
		<XLocation>73.0769327873</XLocation>
		<ElectricalReading>450</ElectricalReading>
	</ER-Readings>
	<ER-Readings>
		<YLocation>7.20735948134</YLocation>
		<XLocation>74.9633525287</XLocation>
		<ElectricalReading>148</ElectricalReading>
	</ER-Readings>
	<ER-Readings>
		<YLocation>2.33963120245</YLocation>
		<XLocation>96.6365572206</XLocation>
		<ElectricalReading>179</ElectricalReading>
	</ER-Readings>
	<ER-Readings>
		<YLocation>7.18405705785</YLocation>
		<XLocation>103.021801597</XLocation>
		<ElectricalReading>243</ElectricalReading>
	</ER-Readings>
	<ER-Readings>
		<YLocation>7.16002416616</YLocation>
		<XLocation>114.319621862</XLocation>
		<ElectricalReading>350</ElectricalReading>
	</ER-Readings>
	<ER-Readings>
		<YLocation>12.268369645</YLocation>
		<XLocation>103.496207651</XLocation>
		<ElectricalReading>209</ElectricalReading>
	</ER-Readings>
	<ER-Readings>
		<YLocation>8.86118478048</YLocation>
		<XLocation>93.8728785158</XLocation>
		<ElectricalReading>394</ElectricalReading>
	</ER-Readings>
	<ER-Readings>
		<YLocation>10.4036692811</YLocation>
		<XLocation>91.5049916154</XLocation>
		<ElectricalReading>320</ElectricalReading>
	</ER-Readings>
	<ER-Readings>
		<YLocation>12.221662086</YLocation>
		<XLocation>83.7635736</XLocation>
		<ElectricalReading>349</ElectricalReading>
	</ER-Readings>
	<ER-Readings>
		<YLocation>10.3723997864</YLocation>
		<XLocation>79.7314451243</XLocation>
		<ElectricalReading>472</ElectricalReading>
	</ER-Readings>
	<ER-Readings>
		<YLocation>10.4139726606</YLocation>
		<XLocation>55.461684742</XLocation>
		<ElectricalReading>489</ElectricalReading>
	</ER-Readings>
	<ER-Readings>
		<YLocation>13.8609598233</YLocation>
		<XLocation>29.4115116389</XLocation>
		<ElectricalReading>242</ElectricalReading>
	</ER-Readings>
	<ER-Readings>
		<YLocation>13.7559464448</YLocation>
		<XLocation>27.8320151126</XLocation>
		<ElectricalReading>225</ElectricalReading>
	</ER-Readings>
	<ER-Readings>
		<YLocation>13.8081210572</YLocation>
		<XLocation>25.4329615965</XLocation>
		<ElectricalReading>275</ElectricalReading>
	</ER-Readings>
	<ER-Readings>
		<YLocation>12.2317984035</YLocation>
		<XLocation>17.4501229616</XLocation>
		<ElectricalReading>445</ElectricalReading>
	</ER-Readings>
	<ER-Readings>
		<YLocation>10.3809882501</YLocation>
		<XLocation>9.53616520256</XLocation>
		<ElectricalReading>478</ElectricalReading>
	</ER-Readings>
	<ER-Readings>
		<YLocation>13.7545821028</YLocation>
		<XLocation>9.58045924854</XLocation>
		<ElectricalReading>60</ElectricalReading>
	</ER-Readings>
	<ER-Readings>
		<YLocation>10.3789980522</YLocation>
		<XLocation>7.74359900719</XLocation>
		<ElectricalReading>463</ElectricalReading>
	</ER-Readings>
	<ER-Readings>
		<YLocation>8.88641783595</YLocation>
		<XLocation>6.40025350284</XLocation>
		<ElectricalReading>164</ElectricalReading>
	</ER-Readings>
	<ER-Readings>
		<YLocation>10.3863632</YLocation>
		<XLocation>6.41306166411</XLocation>
		<ElectricalReading>91</ElectricalReading>
	</ER-Readings>
	<ER-Readings>
		<YLocation>13.760124824</YLocation>
		<XLocation>6.44187050209</XLocation>
		<ElectricalReading>437</ElectricalReading>
	</ER-Readings>
	<ER-Readings>
		<YLocation>8.88693441576</YLocation>
		<XLocation>3.45003804033</XLocation>
		<ElectricalReading>213</ElectricalReading>
	</ER-Readings>
	<ER-Readings>
		<YLocation>10.3868976206</YLocation>
		<XLocation>3.4605512711</XLocation>
		<ElectricalReading>378</ElectricalReading>
	</ER-Readings>
	<ER-Readings>
		<YLocation>13.7606993734</YLocation>
		<XLocation>3.48419822209</XLocation>
		<ElectricalReading>333</ElectricalReading>
	</ER-Readings>
	<ER-Readings>
		<YLocation>8.88823217595</YLocation>
		<XLocation>1.93651130136</XLocation>
		<ElectricalReading>157</ElectricalReading>
	</ER-Readings>
	<ER-Readings>
		<YLocation>10.38817754</YLocation>
		<XLocation>1.94931946264</XLocation>
		<ElectricalReading>154</ElectricalReading>
	</ER-Readings>
	<ER-Readings>
		<YLocation>13.761939164</YLocation>
		<XLocation>1.97812830062</XLocation>
		<ElectricalReading>225</ElectricalReading>
	</ER-Readings>
	<ER-Readings>
		<YLocation>8.84525255253</YLocation>
		<XLocation>-0.430843240791</XLocation>
		<ElectricalReading>257</ElectricalReading>
	</ER-Readings>
	<ER-Readings>
		<YLocation>10.3452482123</YLocation>
		<XLocation>-0.427214927705</XLocation>
		<ElectricalReading>83</ElectricalReading>
	</ER-Readings>
	<ER-Readings>
		<YLocation>13.7191229645</YLocation>
		<XLocation>-0.419053921483</XLocation>
		<ElectricalReading>414</ElectricalReading>
	</ER-Readings>
	<ER-Readings>
		<YLocation>8.91642721488</YLocation>
		<XLocation>-2.14799253718</XLocation>
		<ElectricalReading>183</ElectricalReading>
	</ER-Readings>
	<ER-Readings>
		<YLocation>10.4162661037</YLocation>
		<XLocation>-2.12600500744</XLocation>
		<ElectricalReading>246</ElectricalReading>
	</ER-Readings>
	<ER-Readings>
		<YLocation>13.7897882379</YLocation>
		<XLocation>-2.07654941672</XLocation>
		<ElectricalReading>279</ElectricalReading>
	</ER-Readings>
	<ER-Readings>
		<YLocation>20.3226679258</YLocation>
		<XLocation>2.74255844869</XLocation>
		<ElectricalReading>112</ElectricalReading>
	</ER-Readings>
	<ER-Readings>
		<YLocation>18.8284081499</YLocation>
		<XLocation>2.87366095167</XLocation>
		<ElectricalReading>128</ElectricalReading>
	</ER-Readings>
	<ER-Readings>
		<YLocation>16.9616946469</YLocation>
		<XLocation>3.03744158509</XLocation>
		<ElectricalReading>332</ElectricalReading>
	</ER-Readings>
	<ER-Readings>
		<YLocation>15.4674348711</YLocation>
		<XLocation>3.16854408806</XLocation>
		<ElectricalReading>438</ElectricalReading>
	</ER-Readings>
	<ER-Readings>
		<YLocation>20.1641382944</YLocation>
		<XLocation>4.87966238592</XLocation>
		<ElectricalReading>111</ElectricalReading>
	</ER-Readings>
	<ER-Readings>
		<YLocation>18.6645988828</YLocation>
		<XLocation>4.9168335733</XLocation>
		<ElectricalReading>46</ElectricalReading>
	</ER-Readings>
	<ER-Readings>
		<YLocation>16.7912897614</YLocation>
		<XLocation>4.96326991492</XLocation>
		<ElectricalReading>492</ElectricalReading>
	</ER-Readings>
	<ER-Readings>
		<YLocation>15.2917503498</YLocation>
		<XLocation>5.0004411023</XLocation>
		<ElectricalReading>137</ElectricalReading>
	</ER-Readings>
	<ER-Readings>
		<YLocation>20.090056403</YLocation>
		<XLocation>6.97285444864</XLocation>
		<ElectricalReading>115</ElectricalReading>
	</ER-Readings>
	<ER-Readings>
		<YLocation>18.5901743547</YLocation>
		<XLocation>6.99166894751</XLocation>
		<ElectricalReading>113</ElectricalReading>
	</ER-Readings>
	<ER-Readings>
		<YLocation>16.7164371923</YLocation>
		<XLocation>7.01517307957</XLocation>
		<ElectricalReading>437</ElectricalReading>
	</ER-Readings>
	<ER-Readings>
		<YLocation>20.1391116204</YLocation>
		<XLocation>8.86548734885</XLocation>
		<ElectricalReading>63</ElectricalReading>
	</ER-Readings>
	<ER-Readings>
		<YLocation>18.6393317303</YLocation>
		<XLocation>8.89118608396</XLocation>
		<ElectricalReading>134</ElectricalReading>
	</ER-Readings>
	<ER-Readings>
		<YLocation>16.7657221894</YLocation>
		<XLocation>8.92329039179</XLocation>
		<ElectricalReading>89</ElectricalReading>
	</ER-Readings>
	<ER-Readings>
		<YLocation>20.1464657267</YLocation>
		<XLocation>10.908194315</XLocation>
		<ElectricalReading>123</ElectricalReading>
	</ER-Readings>
	<ER-Readings>
		<YLocation>18.6466142202</YLocation>
		<XLocation>10.9293036105</XLocation>
		<ElectricalReading>113</ElectricalReading>
	</ER-Readings>
	<ER-Readings>
		<YLocation>16.7729152122</YLocation>
		<XLocation>10.9556745317</XLocation>
		<ElectricalReading>351</ElectricalReading>
	</ER-Readings>
	<ER-Readings>
		<YLocation>15.2730637056</YLocation>
		<XLocation>10.9767838272</XLocation>
		<ElectricalReading>313</ElectricalReading>
	</ER-Readings>
	<ER-Readings>
		<YLocation>20.1531940256</YLocation>
		<XLocation>12.781631524</XLocation>
		<ElectricalReading>72</ElectricalReading>
	</ER-Readings>
	<ER-Readings>
		<YLocation>16.7798969815</YLocation>
		<XLocation>12.8445957831</XLocation>
		<ElectricalReading>485</ElectricalReading>
	</ER-Readings>
	<ER-Readings>
		<YLocation>20.1285320331</YLocation>
		<XLocation>14.0426802779</XLocation>
		<ElectricalReading>250</ElectricalReading>
	</ER-Readings>
	<ER-Readings>
		<YLocation>16.7552349891</YLocation>
		<XLocation>14.105644537</XLocation>
		<ElectricalReading>472</ElectricalReading>
	</ER-Readings>
	<ER-Readings>
		<YLocation>20.19863294</YLocation>
		<XLocation>16.4102739874</XLocation>
		<ElectricalReading>86</ElectricalReading>
	</ER-Readings>
	<ER-Readings>
		<YLocation>20.2095217825</YLocation>
		<XLocation>18.3869880491</XLocation>
		<ElectricalReading>59</ElectricalReading>
	</ER-Readings>
	<ER-Readings>
		<YLocation>18.7705489916</YLocation>
		<XLocation>20.9895811941</XLocation>
		<ElectricalReading>489</ElectricalReading>
	</ER-Readings>
	<ER-Readings>
		<YLocation>20.2760775012</YLocation>
		<XLocation>44.9642488758</XLocation>
		<ElectricalReading>105</ElectricalReading>
	</ER-Readings>
	<ER-Readings>
		<YLocation>16.9029233186</YLocation>
		<XLocation>50.9874056296</XLocation>
		<ElectricalReading>454</ElectricalReading>
	</ER-Readings>
	<ER-Readings>
		<YLocation>18.7730293612</YLocation>
		<XLocation>55.0916194526</XLocation>
		<ElectricalReading>78</ElectricalReading>
	</ER-Readings>
	<ER-Readings>
		<YLocation>18.8080021852</YLocation>
		<XLocation>58.961887881</XLocation>
		<ElectricalReading>157</ElectricalReading>
	</ER-Readings>
	<ER-Readings>
		<YLocation>20.326001544</YLocation>
		<XLocation>111.014174441</XLocation>
		<ElectricalReading>407</ElectricalReading>
	</ER-Readings>
	<ER-Readings>
		<YLocation>18.889829423</YLocation>
		<XLocation>116.526918272</XLocation>
		<ElectricalReading>226</ElectricalReading>
	</ER-Readings>
<ER-Readings>
		<YLocation>6.83613684508</YLocation>
		<XLocation>116.215508053</XLocation>
		<ElectricalReading>257</ElectricalReading>
	</ER-Readings>
	<ER-Readings>
		<YLocation>3.44807182672</YLocation>
		<XLocation>121.965367435</XLocation>
		<ElectricalReading>476</ElectricalReading>
	</ER-Readings>
	<ER-Readings>
		<YLocation>1.94807311324</YLocation>
		<XLocation>121.96736832</XLocation>
		<ElectricalReading>378</ElectricalReading>
	</ER-Readings>
	<ER-Readings>
		<YLocation>3.40795471829</YLocation>
		<XLocation>138.218204608</XLocation>
		<ElectricalReading>427</ElectricalReading>
	</ER-Readings>
	<ER-Readings>
		<YLocation>3.33162667005</YLocation>
		<XLocation>159.707335512</XLocation>
		<ElectricalReading>207</ElectricalReading>
	</ER-Readings>
	<ER-Readings>
		<YLocation>6.76154042073</YLocation>
		<XLocation>162.231259655</XLocation>
		<ElectricalReading>189</ElectricalReading>
	</ER-Readings>
	<ER-Readings>
		<YLocation>6.64605636345</YLocation>
		<XLocation>164.232743726</XLocation>
		<ElectricalReading>248</ElectricalReading>
	</ER-Readings>
	<ER-Readings>
		<YLocation>3.25180737799</YLocation>
		<XLocation>171.504899574</XLocation>
		<ElectricalReading>489</ElectricalReading>
	</ER-Readings>
	<ER-Readings>
		<YLocation>6.76897709059</YLocation>
		<XLocation>180.336918781</XLocation>
		<ElectricalReading>258</ElectricalReading>
	</ER-Readings>
	<ER-Readings>
		<YLocation>3.39513184</YLocation>
		<XLocation>180.353218179</XLocation>
		<ElectricalReading>415</ElectricalReading>
	</ER-Readings>
	<ER-Readings>
		<YLocation>6.69819600698</YLocation>
		<XLocation>188.365257167</XLocation>
		<ElectricalReading>262</ElectricalReading>
	</ER-Readings>
	<ER-Readings>
		<YLocation>6.61724842474</YLocation>
		<XLocation>203.684750423</XLocation>
		<ElectricalReading>85</ElectricalReading>
	</ER-Readings>
	<ER-Readings>
		<YLocation>5.20200387259</YLocation>
		<XLocation>206.358770108</XLocation>
		<ElectricalReading>229</ElectricalReading>
	</ER-Readings>
	<ER-Readings>
		<YLocation>3.3321534385</YLocation>
		<XLocation>216.054634949</XLocation>
		<ElectricalReading>492</ElectricalReading>
	</ER-Readings>
	<ER-Readings>
		<YLocation>6.67943857459</YLocation>
		<XLocation>217.755996843</XLocation>
		<ElectricalReading>435</ElectricalReading>
	</ER-Readings>
	<ER-Readings>
		<YLocation>6.66119864936</YLocation>
		<XLocation>220.248891431</XLocation>
		<ElectricalReading>83</ElectricalReading>
	</ER-Readings>
	<ER-Readings>
		<YLocation>3.27017766499</YLocation>
		<XLocation>223.934732934</XLocation>
		<ElectricalReading>1</ElectricalReading>
	</ER-Readings>
	<ER-Readings>
		<YLocation>3.33286050589</YLocation>
		<XLocation>226.38880953</XLocation>
		<ElectricalReading>449</ElectricalReading>
	</ER-Readings>
	<ER-Readings>
		<YLocation>6.62609247176</YLocation>
		<XLocation>228.156014843</XLocation>
		<ElectricalReading>243</ElectricalReading>
	</ER-Readings>
	<ER-Readings>
		<YLocation>6.61982725804</YLocation>
		<XLocation>230.300601632</XLocation>
		<ElectricalReading>258</ElectricalReading>
	</ER-Readings>
	<ER-Readings>
		<YLocation>3.24594543824</YLocation>
		<XLocation>230.296252921</XLocation>
		<ElectricalReading>229</ElectricalReading>
	</ER-Readings>
	<ER-Readings>
		<YLocation>6.61857599721</YLocation>
		<XLocation>231.650970453</XLocation>
		<ElectricalReading>230</ElectricalReading>
	</ER-Readings>
	<ER-Readings>
		<YLocation>6.62531356273</YLocation>
		<XLocation>233.706571377</XLocation>
		<ElectricalReading>172</ElectricalReading>
	</ER-Readings>
	<ER-Readings>
		<YLocation>3.25143423172</YLocation>
		<XLocation>233.712546748</XLocation>
		<ElectricalReading>491</ElectricalReading>
	</ER-Readings>
	<ER-Readings>
		<YLocation>3.25273603667</YLocation>
		<XLocation>236.344902987</XLocation>
		<ElectricalReading>451</ElectricalReading>
	</ER-Readings>
	<ER-Readings>
		<YLocation>6.61446882104</YLocation>
		<XLocation>237.736098071</XLocation>
		<ElectricalReading>274</ElectricalReading>
	</ER-Readings>
	<ER-Readings>
		<YLocation>3.24059760372</YLocation>
		<XLocation>237.726587328</XLocation>
		<ElectricalReading>430</ElectricalReading>
	</ER-Readings>
	<ER-Readings>
		<YLocation>5.14074593382</YLocation>
		<XLocation>241.786735006</XLocation>
		<ElectricalReading>469</ElectricalReading>
	</ER-Readings>
	<ER-Readings>
		<YLocation>3.26687156931</YLocation>
		<XLocation>241.792920812</XLocation>
		<ElectricalReading>352</ElectricalReading>
	</ER-Readings>
	<ER-Readings>
		<YLocation>8.25877528012</YLocation>
		<XLocation>238.10316086</XLocation>
		<ElectricalReading>234</ElectricalReading>
	</ER-Readings>
	<ER-Readings>
		<YLocation>9.75512883744</YLocation>
		<XLocation>238.207689208</XLocation>
		<ElectricalReading>168</ElectricalReading>
	</ER-Readings>
	<ER-Readings>
		<YLocation>8.26012405525</YLocation>
		<XLocation>234.527665676</XLocation>
		<ElectricalReading>274</ElectricalReading>
	</ER-Readings>
	<ER-Readings>
		<YLocation>8.37035428744</YLocation>
		<XLocation>221.061719804</XLocation>
		<ElectricalReading>266</ElectricalReading>
	</ER-Readings>
	<ER-Readings>
		<YLocation>9.90317119414</YLocation>
		<XLocation>206.120201269</XLocation>
		<ElectricalReading>148</ElectricalReading>
	</ER-Readings>
	<ER-Readings>
		<YLocation>11.8268479608</YLocation>
		<XLocation>202.865568625</XLocation>
		<ElectricalReading>461</ElectricalReading>
	</ER-Readings>
	<ER-Readings>
		<YLocation>8.38593601586</YLocation>
		<XLocation>190.605276669</XLocation>
		<ElectricalReading>455</ElectricalReading>
	</ER-Readings>
	<ER-Readings>
		<YLocation>10.008011978</YLocation>
		<XLocation>158.059314155</XLocation>
		<ElectricalReading>323</ElectricalReading>
	</ER-Readings>
	<ER-Readings>
		<YLocation>11.8443745437</YLocation>
		<XLocation>154.069429267</XLocation>
		<ElectricalReading>474</ElectricalReading>
	</ER-Readings>
	<ER-Readings>
		<YLocation>9.99991049095</YLocation>
		<XLocation>134.102064443</XLocation>
		<ElectricalReading>217</ElectricalReading>
	</ER-Readings>
	<ER-Readings>
		<YLocation>11.8731297714</YLocation>
		<XLocation>134.052135238</XLocation>
		<ElectricalReading>433</ElectricalReading>
	</ER-Readings>
	<ER-Readings>
		<YLocation>11.9153513849</YLocation>
		<XLocation>114.952025866</XLocation>
		<ElectricalReading>499</ElectricalReading>
	</ER-Readings>
	<ER-Readings>
		<YLocation>18.1651217286</YLocation>
		<XLocation>113.996823955</XLocation>
		<ElectricalReading>227</ElectricalReading>
	</ER-Readings>
	<ER-Readings>
		<YLocation>18.2581186385</YLocation>
		<XLocation>122.153584692</XLocation>
		<ElectricalReading>347</ElectricalReading>
	</ER-Readings>
	<ER-Readings>
		<YLocation>18.2607882292</YLocation>
		<XLocation>157.670909744</XLocation>
		<ElectricalReading>406</ElectricalReading>
	</ER-Readings>
	<ER-Readings>
		<YLocation>18.2171558751</YLocation>
		<XLocation>177.31712289</XLocation>
		<ElectricalReading>390</ElectricalReading>
	</ER-Readings>
	<ER-Readings>
		<YLocation>18.2052875243</YLocation>
		<XLocation>237.404698968</XLocation>
		<ElectricalReading>322</ElectricalReading>
	</ER-Readings>
	<ER-Readings>
		<YLocation>18.2366921075</YLocation>
		<XLocation>239.448685519</XLocation>
		<ElectricalReading>198</ElectricalReading>
	</ER-Readings>
	<ER-Readings>
		<YLocation>14.8651200315</YLocation>
		<XLocation>239.573582204</XLocation>
		<ElectricalReading>490</ElectricalReading>
	</ER-Readings>
<ER-Readings>
		<YLocation>53.2844983215</YLocation>
		<XLocation>22.8555094409</XLocation>
		<ElectricalReading>228</ElectricalReading>
	</ER-Readings>
	<ER-Readings>
		<YLocation>51.4106197413</YLocation>
		<XLocation>22.8507697202</XLocation>
		<ElectricalReading>77</ElectricalReading>
	</ER-Readings>
	<ER-Readings>
		<YLocation>54.77191266</YLocation>
		<XLocation>24.576211622</XLocation>
		<ElectricalReading>436</ElectricalReading>
	</ER-Readings>
	<ER-Readings>
		<YLocation>53.271913361</YLocation>
		<XLocation>24.5747125845</XLocation>
		<ElectricalReading>69</ElectricalReading>
	</ER-Readings>
	<ER-Readings>
		<YLocation>51.3980297223</YLocation>
		<XLocation>24.5728399024</XLocation>
		<ElectricalReading>172</ElectricalReading>
	</ER-Readings>
	<ER-Readings>
		<YLocation>54.831917306</YLocation>
		<XLocation>27.444995773</XLocation>
		<ElectricalReading>346</ElectricalReading>
	</ER-Readings>
	<ER-Readings>
		<YLocation>53.3320395733</YLocation>
		<XLocation>27.4641512152</XLocation>
		<ElectricalReading>84</ElectricalReading>
	</ER-Readings>
	<ER-Readings>
		<YLocation>51.4583078021</YLocation>
		<XLocation>27.4880812729</XLocation>
		<ElectricalReading>71</ElectricalReading>
	</ER-Readings>
	<ER-Readings>
		<YLocation>54.7461548601</YLocation>
		<XLocation>29.4337149586</XLocation>
		<ElectricalReading>332</ElectricalReading>
	</ER-Readings>
	<ER-Readings>
		<YLocation>51.3723065046</YLocation>
		<XLocation>29.4493584649</XLocation>
		<ElectricalReading>272</ElectricalReading>
	</ER-Readings>
	<ER-Readings>
		<YLocation>54.8724327537</YLocation>
		<XLocation>30.9357669863</XLocation>
		<ElectricalReading>377</ElectricalReading>
	</ER-Readings>
	<ER-Readings>
		<YLocation>54.8106535267</YLocation>
		<XLocation>32.8253935845</XLocation>
		<ElectricalReading>184</ElectricalReading>
	</ER-Readings>
	<ER-Readings>
		<YLocation>53.3108337273</YLocation>
		<XLocation>32.8486468304</XLocation>
		<ElectricalReading>308</ElectricalReading>
	</ER-Readings>
	<ER-Readings>
		<YLocation>51.4371743297</YLocation>
		<XLocation>32.8776960953</XLocation>
		<ElectricalReading>303</ElectricalReading>
	</ER-Readings>
	<ER-Readings>
		<YLocation>54.8528174753</YLocation>
		<XLocation>35.4283520756</XLocation>
		<ElectricalReading>231</ElectricalReading>
	</ER-Readings>
	<ER-Readings>
		<YLocation>54.7817113125</YLocation>
		<XLocation>39.1650662686</XLocation>
		<ElectricalReading>46</ElectricalReading>
	</ER-Readings>
	<ER-Readings>
		<YLocation>54.7485217485</YLocation>
		<XLocation>41.4039946296</XLocation>
		<ElectricalReading>37</ElectricalReading>
	</ER-Readings>
	<ER-Readings>
		<YLocation>54.8298884135</YLocation>
		<XLocation>44.7702493437</XLocation>
		<ElectricalReading>277</ElectricalReading>
	</ER-Readings>
	<ER-Readings>
		<YLocation>53.2213130414</YLocation>
		<XLocation>53.459422674</XLocation>
		<ElectricalReading>465</ElectricalReading>
	</ER-Readings>
	<ER-Readings>
		<YLocation>49.831427682</YLocation>
		<XLocation>66.7524903061</XLocation>
		<ElectricalReading>235</ElectricalReading>
	</ER-Readings>
	<ER-Readings>
		<YLocation>54.6386361205</YLocation>
		<XLocation>91.0106590806</XLocation>
		<ElectricalReading>70</ElectricalReading>
	</ER-Readings>
	<ER-Readings>
		<YLocation>54.6402490907</YLocation>
		<XLocation>95.4105504903</XLocation>
		<ElectricalReading>206</ElectricalReading>
	</ER-Readings>
	<ER-Readings>
		<YLocation>51.26652354</YLocation>
		<XLocation>95.4433125596</XLocation>
		<ElectricalReading>456</ElectricalReading>
	</ER-Readings>
	<ER-Readings>
		<YLocation>54.6220846411</YLocation>
		<XLocation>96.9606121155</XLocation>
		<ElectricalReading>280</ElectricalReading>
	</ER-Readings>
	<ER-Readings>
		<YLocation>54.6336584739</YLocation>
		<XLocation>99.1334111209</XLocation>
		<ElectricalReading>219</ElectricalReading>
	</ER-Readings>
	<ER-Readings>
		<YLocation>54.6486334719</YLocation>
		<XLocation>101.295107545</XLocation>
		<ElectricalReading>383</ElectricalReading>
	</ER-Readings>
	<ER-Readings>
		<YLocation>54.7179775082</YLocation>
		<XLocation>105.26128839</XLocation>
		<ElectricalReading>30</ElectricalReading>
	</ER-Readings>
	<ER-Readings>
		<YLocation>54.6297804119</YLocation>
		<XLocation>110.786349089</XLocation>
		<ElectricalReading>186</ElectricalReading>
	</ER-Readings>
	<ER-Readings>
		<YLocation>54.5937371556</YLocation>
		<XLocation>116.574807285</XLocation>
		<ElectricalReading>204</ElectricalReading>
	</ER-Readings>
	<ER-Readings>
		<YLocation>54.6694503931</YLocation>
		<XLocation>118.495182423</XLocation>
		<ElectricalReading>276</ElectricalReading>
	</ER-Readings>
	<ER-Readings>
		<YLocation>54.5693145387</YLocation>
		<XLocation>125.024893902</XLocation>
		<ElectricalReading>196</ElectricalReading>
	</ER-Readings>
	<ER-Readings>
		<YLocation>54.6595589388</YLocation>
		<XLocation>133.173276264</XLocation>
		<ElectricalReading>465</ElectricalReading>
	</ER-Readings>
	<ER-Readings>
		<YLocation>54.5337797688</YLocation>
		<XLocation>139.587903129</XLocation>
		<ElectricalReading>159</ElectricalReading>
	</ER-Readings>
	<ER-Readings>
		<YLocation>54.5556351539</YLocation>
		<XLocation>141.362809805</XLocation>
		<ElectricalReading>247</ElectricalReading>
	</ER-Readings>
	<ER-Readings>
		<YLocation>54.6094521596</YLocation>
		<XLocation>142.986353699</XLocation>
		<ElectricalReading>236</ElectricalReading>
	</ER-Readings>
	<ER-Readings>
		<YLocation>51.2362161545</YLocation>
		<XLocation>143.052507305</XLocation>
		<ElectricalReading>307</ElectricalReading>
	</ER-Readings>
	<ER-Readings>
		<YLocation>54.4860709787</YLocation>
		<XLocation>147.455275759</XLocation>
		<ElectricalReading>463</ElectricalReading>
	</ER-Readings>
	<ER-Readings>
		<YLocation>54.5477045847</YLocation>
		<XLocation>148.787201406</XLocation>
		<ElectricalReading>224</ElectricalReading>
	</ER-Readings>
	<ER-Readings>
		<YLocation>44.705017428</YLocation>
		<XLocation>144.274049122</XLocation>
		<ElectricalReading>275</ElectricalReading>
	</ER-Readings>
	<ER-Readings>
		<YLocation>44.7925057015</YLocation>
		<XLocation>138.166876873</XLocation>
		<ElectricalReading>416</ElectricalReading>
	</ER-Readings>
	<ER-Readings>
		<YLocation>44.7863029013</YLocation>
		<XLocation>121.99824283</XLocation>
		<ElectricalReading>428</ElectricalReading>
	</ER-Readings>
	<ER-Readings>
		<YLocation>44.7639815911</YLocation>
		<XLocation>114.458392615</XLocation>
		<ElectricalReading>389</ElectricalReading>
	</ER-Readings>
	<ER-Readings>
		<YLocation>44.7707809299</YLocation>
		<XLocation>97.8891607679</XLocation>
		<ElectricalReading>489</ElectricalReading>
	</ER-Readings>
	<ER-Readings>
		<YLocation>46.6445864226</YLocation>
		<XLocation>97.9063762803</XLocation>
		<ElectricalReading>472</ElectricalReading>
	</ER-Readings>
	<ER-Readings>
		<YLocation>44.8536585573</YLocation>
		<XLocation>84.0100614182</XLocation>
		<ElectricalReading>398</ElectricalReading>
	</ER-Readings>
	<ER-Readings>
		<YLocation>46.8405518813</YLocation>
		<XLocation>36.3525275322</XLocation>
		<ElectricalReading>334</ElectricalReading>
	</ER-Readings>
	<ER-Readings>
		<YLocation>46.805518699</YLocation>
		<XLocation>31.9306189127</XLocation>
		<ElectricalReading>332</ElectricalReading>
	</ER-Readings>
	<ER-Readings>
		<YLocation>46.7236280341</YLocation>
		<XLocation>26.2735958557</XLocation>
		<ElectricalReading>269</ElectricalReading>
	</ER-Readings>
	<ER-Readings>
		<YLocation>43.4593811291</YLocation>
		<XLocation>24.5775441429</XLocation>
		<ElectricalReading>8</ElectricalReading>
	</ER-Readings>
	<ER-Readings>
		<YLocation>46.8307970211</YLocation>
		<XLocation>24.706588042</XLocation>
		<ElectricalReading>344</ElectricalReading>
	</ER-Readings>
	<ER-Readings>
		<YLocation>43.4505628188</YLocation>
		<XLocation>21.9381507008</XLocation>
		<ElectricalReading>439</ElectricalReading>
	</ER-Readings>
	<ER-Readings>
		<YLocation>44.9503098584</YLocation>
		<XLocation>21.9656999545</XLocation>
		<ElectricalReading>396</ElectricalReading>
	</ER-Readings>
	<ER-Readings>
		<YLocation>46.8238783604</YLocation>
		<XLocation>22.0001160344</XLocation>
		<ElectricalReading>389</ElectricalReading>
	</ER-Readings>
	<ER-Readings>
		<YLocation>48.3236253999</YLocation>
		<XLocation>22.027665288</XLocation>
		<ElectricalReading>374</ElectricalReading>
	</ER-Readings>
	<ER-Readings>
		<YLocation>43.4546820588</YLocation>
		<XLocation>20.1581639646</XLocation>
		<ElectricalReading>470</ElectricalReading>
	</ER-Readings>
	<ER-Readings>
		<YLocation>46.8282464856</YLocation>
		<XLocation>20.2046451815</XLocation>
		<ElectricalReading>55</ElectricalReading>
	</ER-Readings>
	<ER-Readings>
		<YLocation>46.8753491864</YLocation>
		<XLocation>18.0385709546</XLocation>
		<ElectricalReading>490</ElectricalReading>
	</ER-Readings>
	<ER-Readings>
		<YLocation>46.8770084714</YLocation>
		<XLocation>16.488061667</XLocation>
		<ElectricalReading>316</ElectricalReading>
	</ER-Readings>
<ER-Readings>
		<YLocation>47.7915944868</YLocation>
		<XLocation>252.491615073</XLocation>
		<ElectricalReading>406</ElectricalReading>
	</ER-Readings>
	<ER-Readings>
		<YLocation>46.5113598135</YLocation>
		<XLocation>246.293328589</XLocation>
		<ElectricalReading>188</ElectricalReading>
	</ER-Readings>
	<ER-Readings>
		<YLocation>48.010995761</YLocation>
		<XLocation>246.326376569</XLocation>
		<ElectricalReading>79</ElectricalReading>
	</ER-Readings>
	<ER-Readings>
		<YLocation>46.4490819896</YLocation>
		<XLocation>244.384894957</XLocation>
		<ElectricalReading>261</ElectricalReading>
	</ER-Readings>
	<ER-Readings>
		<YLocation>48.0326817152</YLocation>
		<XLocation>240.826670498</XLocation>
		<ElectricalReading>403</ElectricalReading>
	</ER-Readings>
	<ER-Readings>
		<YLocation>46.4848007546</YLocation>
		<XLocation>220.872648905</XLocation>
		<ElectricalReading>314</ElectricalReading>
	</ER-Readings>
	<ER-Readings>
		<YLocation>46.5464393318</YLocation>
		<XLocation>194.499642315</XLocation>
		<ElectricalReading>438</ElectricalReading>
	</ER-Readings>
	<ER-Readings>
		<YLocation>49.9203138594</YLocation>
		<XLocation>194.49138902</XLocation>
		<ElectricalReading>231</ElectricalReading>
	</ER-Readings>
	<ER-Readings>
		<YLocation>46.5409290226</YLocation>
		<XLocation>168.186184618</XLocation>
		<ElectricalReading>358</ElectricalReading>
	</ER-Readings>
	<ER-Readings>
		<YLocation>48.1026896517</YLocation>
		<XLocation>154.366906756</XLocation>
		<ElectricalReading>452</ElectricalReading>
	</ER-Readings>
	<ER-Readings>
		<YLocation>48.0523878112</YLocation>
		<XLocation>142.711243181</XLocation>
		<ElectricalReading>333</ElectricalReading>
	</ER-Readings>
	<ER-Readings>
		<YLocation>40.1912421738</YLocation>
		<XLocation>140.720763506</XLocation>
		<ElectricalReading>492</ElectricalReading>
	</ER-Readings>
	<ER-Readings>
		<YLocation>39.8654510667</YLocation>
		<XLocation>158.374096142</XLocation>
		<ElectricalReading>412</ElectricalReading>
	</ER-Readings>
	<ER-Readings>
		<YLocation>39.837667371</YLocation>
		<XLocation>184.784110358</XLocation>
		<ElectricalReading>483</ElectricalReading>
	</ER-Readings>
	<ER-Readings>
		<YLocation>41.3105259781</YLocation>
		<XLocation>194.62831476</XLocation>
		<ElectricalReading>368</ElectricalReading>
	</ER-Readings>
	<ER-Readings>
		<YLocation>41.3492763067</YLocation>
		<XLocation>196.697184567</XLocation>
		<ElectricalReading>324</ElectricalReading>
	</ER-Readings>
	<ER-Readings>
		<YLocation>39.8493815578</YLocation>
		<XLocation>196.714957758</XLocation>
		<ElectricalReading>496</ElectricalReading>
	</ER-Readings>
	<ER-Readings>
		<YLocation>41.2892216571</YLocation>
		<XLocation>198.699396514</XLocation>
		<ElectricalReading>360</ElectricalReading>
	</ER-Readings>
	<ER-Readings>
		<YLocation>41.3521591567</YLocation>
		<XLocation>200.276469412</XLocation>
		<ElectricalReading>357</ElectricalReading>
	</ER-Readings>
	<ER-Readings>
		<YLocation>41.3062792683</YLocation>
		<XLocation>202.696123406</XLocation>
		<ElectricalReading>271</ElectricalReading>
	</ER-Readings>
	<ER-Readings>
		<YLocation>41.3813407919</YLocation>
		<XLocation>204.612732459</XLocation>
		<ElectricalReading>375</ElectricalReading>
	</ER-Readings>
	<ER-Readings>
		<YLocation>41.361802608</YLocation>
		<XLocation>206.125474297</XLocation>
		<ElectricalReading>390</ElectricalReading>
	</ER-Readings>
	<ER-Readings>
		<YLocation>41.4048938879</YLocation>
		<XLocation>212.648915472</XLocation>
		<ElectricalReading>415</ElectricalReading>
	</ER-Readings>
	<ER-Readings>
		<YLocation>41.369071509</YLocation>
		<XLocation>214.276378688</XLocation>
		<ElectricalReading>326</ElectricalReading>
	</ER-Readings>
	<ER-Readings>
		<YLocation>41.3825396474</YLocation>
		<XLocation>216.746211375</XLocation>
		<ElectricalReading>251</ElectricalReading>
	</ER-Readings>
	<ER-Readings>
		<YLocation>39.8827422772</YLocation>
		<XLocation>216.770868872</XLocation>
		<ElectricalReading>408</ElectricalReading>
	</ER-Readings>
	<ER-Readings>
		<YLocation>41.3769317349</YLocation>
		<XLocation>240.113935252</XLocation>
		<ElectricalReading>383</ElectricalReading>
	</ER-Readings>
	<ER-Readings>
		<YLocation>41.4068005627</YLocation>
		<XLocation>242.757972989</XLocation>
		<ElectricalReading>240</ElectricalReading>
	</ER-Readings>
	<ER-Readings>
		<YLocation>41.3153873992</YLocation>
		<XLocation>244.685918396</XLocation>
		<ElectricalReading>421</ElectricalReading>
	</ER-Readings>
	<ER-Readings>
		<YLocation>41.2868892431</YLocation>
		<XLocation>252.140663174</XLocation>
		<ElectricalReading>406</ElectricalReading>
	</ER-Readings>
	<ER-Readings>
		<YLocation>39.7869707574</YLocation>
		<XLocation>252.156305425</XLocation>
		<ElectricalReading>389</ElectricalReading>
	</ER-Readings>
	<ER-Readings>
		<YLocation>41.2781853351</YLocation>
		<XLocation>256.502425847</XLocation>
		<ElectricalReading>271</ElectricalReading>
	</ER-Readings>
<ER-Readings>
		<YLocation>37.0160022364</YLocation>
		<XLocation>13.8095817414</XLocation>
		<ElectricalReading>474</ElectricalReading>
	</ER-Readings>
	<ER-Readings>
		<YLocation>35.5160355746</YLocation>
		<XLocation>13.8195896227</XLocation>
		<ElectricalReading>439</ElectricalReading>
	</ER-Readings>
	<ER-Readings>
		<YLocation>33.6421927082</YLocation>
		<XLocation>13.8320920319</XLocation>
		<ElectricalReading>174</ElectricalReading>
	</ER-Readings>
	<ER-Readings>
		<YLocation>32.1422260465</YLocation>
		<XLocation>13.8420999133</XLocation>
		<ElectricalReading>300</ElectricalReading>
	</ER-Readings>
	<ER-Readings>
		<YLocation>35.5472168025</YLocation>
		<XLocation>15.8222336354</XLocation>
		<ElectricalReading>186</ElectricalReading>
	</ER-Readings>
	<ER-Readings>
		<YLocation>32.1737560745</YLocation>
		<XLocation>15.875714114</XLocation>
		<ElectricalReading>439</ElectricalReading>
	</ER-Readings>
	<ER-Readings>
		<YLocation>35.4865447863</YLocation>
		<XLocation>17.621160992</XLocation>
		<ElectricalReading>349</ElectricalReading>
	</ER-Readings>
	<ER-Readings>
		<YLocation>33.6127074168</YLocation>
		<XLocation>17.6078602151</XLocation>
		<ElectricalReading>256</ElectricalReading>
	</ER-Readings>
	<ER-Readings>
		<YLocation>33.5303372581</YLocation>
		<XLocation>19.0645147823</XLocation>
		<ElectricalReading>246</ElectricalReading>
	</ER-Readings>
	<ER-Readings>
		<YLocation>32.0305754655</YLocation>
		<XLocation>19.0377807339</XLocation>
		<ElectricalReading>445</ElectricalReading>
	</ER-Readings>
	<ER-Readings>
		<YLocation>36.9195283484</YLocation>
		<XLocation>22.0216575456</XLocation>
		<ElectricalReading>11</ElectricalReading>
	</ER-Readings>
	<ER-Readings>
		<YLocation>36.8812992959</YLocation>
		<XLocation>23.5431251919</XLocation>
		<ElectricalReading>153</ElectricalReading>
	</ER-Readings>
	<ER-Readings>
		<YLocation>35.3813497019</YLocation>
		<XLocation>23.5554280096</XLocation>
		<ElectricalReading>188</ElectricalReading>
	</ER-Readings>
	<ER-Readings>
		<YLocation>37.0246248729</YLocation>
		<XLocation>25.6761927301</XLocation>
		<ElectricalReading>174</ElectricalReading>
	</ER-Readings>
	<ER-Readings>
		<YLocation>32.1547037609</YLocation>
		<XLocation>25.8727128124</XLocation>
		<ElectricalReading>331</ElectricalReading>
	</ER-Readings>
	<ER-Readings>
		<YLocation>36.9205221399</YLocation>
		<XLocation>27.7993076992</XLocation>
		<ElectricalReading>264</ElectricalReading>
	</ER-Readings>
	<ER-Readings>
		<YLocation>35.4075161686</YLocation>
		<XLocation>29.643292441</XLocation>
		<ElectricalReading>460</ElectricalReading>
	</ER-Readings>
	<ER-Readings>
		<YLocation>33.5976142978</YLocation>
		<XLocation>35.8898951148</XLocation>
		<ElectricalReading>497</ElectricalReading>
	</ER-Readings>
	<ER-Readings>
		<YLocation>32.0888136661</YLocation>
		<XLocation>37.8978434607</XLocation>
		<ElectricalReading>480</ElectricalReading>
	</ER-Readings>
	<ER-Readings>
		<YLocation>32.1961731932</YLocation>
		<XLocation>51.8314856073</XLocation>
		<ElectricalReading>358</ElectricalReading>
	</ER-Readings>
	<ER-Readings>
		<YLocation>32.1241919503</YLocation>
		<XLocation>59.8537488252</XLocation>
		<ElectricalReading>310</ElectricalReading>
	</ER-Readings>
	<ER-Readings>
		<YLocation>32.0935131622</YLocation>
		<XLocation>61.4637425448</XLocation>
		<ElectricalReading>389</ElectricalReading>
	</ER-Readings>
	<ER-Readings>
		<YLocation>37.0470413042</YLocation>
		<XLocation>67.7925551219</XLocation>
		<ElectricalReading>279</ElectricalReading>
	</ER-Readings>
	<ER-Readings>
		<YLocation>32.0867942275</YLocation>
		<XLocation>69.9353989241</XLocation>
		<ElectricalReading>425</ElectricalReading>
	</ER-Readings>
	<ER-Readings>
		<YLocation>32.156303753</YLocation>
		<XLocation>79.4420825577</XLocation>
		<ElectricalReading>450</ElectricalReading>
	</ER-Readings>
	<ER-Readings>
		<YLocation>32.0974788018</YLocation>
		<XLocation>85.5192790547</XLocation>
		<ElectricalReading>441</ElectricalReading>
	</ER-Readings>
	<ER-Readings>
		<YLocation>32.0765412889</YLocation>
		<XLocation>87.9312354283</XLocation>
		<ElectricalReading>477</ElectricalReading>
	</ER-Readings>
	<ER-Readings>
		<YLocation>32.0970641332</YLocation>
		<XLocation>89.9418119268</XLocation>
		<ElectricalReading>443</ElectricalReading>
	</ER-Readings>
	<ER-Readings>
		<YLocation>32.0587204903</YLocation>
		<XLocation>93.9655005468</XLocation>
		<ElectricalReading>449</ElectricalReading>
	</ER-Readings>
	<ER-Readings>
		<YLocation>32.2025956858</YLocation>
		<XLocation>105.594120033</XLocation>
		<ElectricalReading>482</ElectricalReading>
	</ER-Readings>
	<ER-Readings>
		<YLocation>35.6136535425</YLocation>
		<XLocation>107.28972628</XLocation>
		<ElectricalReading>260</ElectricalReading>
	</ER-Readings>
	<ER-Readings>
		<YLocation>32.2825116932</YLocation>
		<XLocation>119.798969734</XLocation>
		<ElectricalReading>449</ElectricalReading>
	</ER-Readings>
	<ER-Readings>
		<YLocation>35.6463244262</YLocation>
		<XLocation>125.202763178</XLocation>
		<ElectricalReading>278</ElectricalReading>
	</ER-Readings>
	<ER-Readings>
		<YLocation>32.2495035197</YLocation>
		<XLocation>131.123512315</XLocation>
		<ElectricalReading>335</ElectricalReading>
	</ER-Readings>
	<ER-Readings>
		<YLocation>30.6532650136</YLocation>
		<XLocation>128.849797464</XLocation>
		<ElectricalReading>384</ElectricalReading>
	</ER-Readings>
	<ER-Readings>
		<YLocation>30.5834674428</YLocation>
		<XLocation>103.911839709</XLocation>
		<ElectricalReading>465</ElectricalReading>
	</ER-Readings>
	<ER-Readings>
		<YLocation>27.1921764965</YLocation>
		<XLocation>71.519730939</XLocation>
		<ElectricalReading>499</ElectricalReading>
	</ER-Readings>
	<ER-Readings>
		<YLocation>25.6656678188</YLocation>
		<XLocation>57.3650589584</XLocation>
		<ElectricalReading>420</ElectricalReading>
	</ER-Readings>
	<ER-Readings>
		<YLocation>27.2005279656</YLocation>
		<XLocation>55.3465500695</XLocation>
		<ElectricalReading>242</ElectricalReading>
	</ER-Readings>
	<ER-Readings>
		<YLocation>27.1054032529</YLocation>
		<XLocation>21.1456084409</XLocation>
		<ElectricalReading>356</ElectricalReading>
	</ER-Readings>
	<ER-Readings>
		<YLocation>29.0133039357</YLocation>
		<XLocation>18.8946693958</XLocation>
		<ElectricalReading>359</ElectricalReading>
	</ER-Readings>
	<ER-Readings>
		<YLocation>30.5132507359</YLocation>
		<XLocation>18.9073082486</XLocation>
		<ElectricalReading>402</ElectricalReading>
	</ER-Readings>
	<ER-Readings>
		<YLocation>27.1446584211</YLocation>
		<XLocation>17.1346891365</XLocation>
		<ElectricalReading>478</ElectricalReading>
	</ER-Readings>
	<ER-Readings>
		<YLocation>27.1556686993</YLocation>
		<XLocation>14.8290246361</XLocation>
		<ElectricalReading>380</ElectricalReading>
	</ER-Readings>
	<ER-Readings>
		<YLocation>27.1395462056</YLocation>
		<XLocation>12.652995789</XLocation>
		<ElectricalReading>439</ElectricalReading>
	</ER-Readings>
	<ER-Readings>
		<YLocation>25.6807348779</YLocation>
		<XLocation>11.1179943514</XLocation>
		<ElectricalReading>349</ElectricalReading>
	</ER-Readings>
	<ER-Readings>
		<YLocation>27.1436107459</YLocation>
		<XLocation>8.76883978999</XLocation>
		<ElectricalReading>433</ElectricalReading>
	</ER-Readings>
	<ER-Readings>
		<YLocation>30.5173288949</YLocation>
		<XLocation>8.73532417579</XLocation>
		<ElectricalReading>347</ElectricalReading>
	</ER-Readings>
	<ER-Readings>
		<YLocation>30.5070556879</YLocation>
		<XLocation>7.32388623481</XLocation>
		<ElectricalReading>302</ElectricalReading>
	</ER-Readings>
<ER-Readings>
		<YLocation>31.8407930327</YLocation>
		<XLocation>244.79373409</XLocation>
		<ElectricalReading>496</ElectricalReading>
	</ER-Readings>
	<ER-Readings>
		<YLocation>33.3404048339</YLocation>
		<XLocation>244.759608004</XLocation>
		<ElectricalReading>225</ElectricalReading>
	</ER-Readings>
	<ER-Readings>
		<YLocation>33.7373715245</YLocation>
		<XLocation>242.946519805</XLocation>
		<ElectricalReading>462</ElectricalReading>
	</ER-Readings>
	<ER-Readings>
		<YLocation>32.3041440451</YLocation>
		<XLocation>234.585915727</XLocation>
		<ElectricalReading>433</ElectricalReading>
	</ER-Readings>
	<ER-Readings>
		<YLocation>33.8004024484</YLocation>
		<XLocation>232.998711543</XLocation>
		<ElectricalReading>461</ElectricalReading>
	</ER-Readings>
	<ER-Readings>
		<YLocation>33.791292409</YLocation>
		<XLocation>212.655309183</XLocation>
		<ElectricalReading>443</ElectricalReading>
	</ER-Readings>
	<ER-Readings>
		<YLocation>35.6753317401</YLocation>
		<XLocation>206.72519441</XLocation>
		<ElectricalReading>294</ElectricalReading>
	</ER-Readings>
	<ER-Readings>
		<YLocation>33.7516780813</YLocation>
		<XLocation>174.870879647</XLocation>
		<ElectricalReading>455</ElectricalReading>
	</ER-Readings>
	<ER-Readings>
		<YLocation>33.7257900619</YLocation>
		<XLocation>162.577711622</XLocation>
		<ElectricalReading>499</ElectricalReading>
	</ER-Readings>
	<ER-Readings>
		<YLocation>25.384083573</YLocation>
		<XLocation>175.899435732</XLocation>
		<ElectricalReading>459</ElectricalReading>
	</ER-Readings>
	<ER-Readings>
		<YLocation>27.0629385889</YLocation>
		<XLocation>195.867953297</XLocation>
		<ElectricalReading>461</ElectricalReading>
	</ER-Readings>
	<ER-Readings>
		<YLocation>27.0518336604</YLocation>
		<XLocation>219.815592416</XLocation>
		<ElectricalReading>472</ElectricalReading>
	</ER-Readings>
	<ER-Readings>
		<YLocation>27.0036368158</YLocation>
		<XLocation>231.862078705</XLocation>
		<ElectricalReading>430</ElectricalReading>
	</ER-Readings>
	<ER-Readings>
		<YLocation>25.5036459844</YLocation>
		<XLocation>231.867337026</XLocation>
		<ElectricalReading>484</ElectricalReading>
	</ER-Readings>
	<ER-Readings>
		<YLocation>28.8681384691</YLocation>
		<XLocation>237.727055731</XLocation>
		<ElectricalReading>395</ElectricalReading>
	</ER-Readings>
	<ER-Readings>
		<YLocation>26.994260299</YLocation>
		<XLocation>237.722156567</XLocation>
		<ElectricalReading>184</ElectricalReading>
	</ER-Readings>
	<ER-Readings>
		<YLocation>28.9063328737</YLocation>
		<XLocation>239.967460973</XLocation>
		<ElectricalReading>490</ElectricalReading>
	</ER-Readings>
	<ER-Readings>
		<YLocation>27.0324598133</YLocation>
		<XLocation>239.974029964</XLocation>
		<ElectricalReading>171</ElectricalReading>
	</ER-Readings>
	<ER-Readings>
		<YLocation>27.034171114</YLocation>
		<XLocation>241.889680679</XLocation>
		<ElectricalReading>172</ElectricalReading>
	</ER-Readings>
	<ER-Readings>
		<YLocation>28.872191824</YLocation>
		<XLocation>243.891429366</XLocation>
		<ElectricalReading>419</ElectricalReading>
	</ER-Readings>
	<ER-Readings>
		<YLocation>26.9983083514</YLocation>
		<XLocation>243.88939724</XLocation>
		<ElectricalReading>169</ElectricalReading>
	</ER-Readings>
	<ER-Readings>
		<YLocation>27.0764549158</YLocation>
		<XLocation>245.763175409</XLocation>
		<ElectricalReading>176</ElectricalReading>
	</ER-Readings>
</ER>