﻿<?xml version="1.0" encoding="utf-8"?>
<NDE001 xmlns:ltbpcmn="http://www.fhwa.dot.gov/research/tfhrc/programs/infrastructure/structures/ltbp/xml/LTBPCommonTypes" xmlns:xsi="http://www.w3.org/2001/XMLSchema-instance" xsi:noNamespaceSchemaLocation="file:/C:/Users/advitamuser/Documents/Project/LTBP-XSD/NDE001.xsd">
  <BridgeInformation>
    <ltbpcmn:StructureID>000000000000131</ltbpcmn:StructureID>
    <ltbpcmn:LTBPBridgeName>WASHINGTON BLVD. over JOYCE STREET</ltbpcmn:LTBPBridgeName>
    <ltbpcmn:State>51</ltbpcmn:State>
    <ltbpcmn:ProtocolName>NDE001</ltbpcmn:ProtocolName>
  </BridgeInformation>
  <NDE001_TestInfo>
  <TestDate>2017-03-17</TestDate>
    <Personnel>
      <Inspectors>
        <ltbpcmn:firstName>Trung</ltbpcmn:firstName>
        <ltbpcmn:surname>Duong</ltbpcmn:surname>
        <ltbpcmn:Company>Rutgers University</ltbpcmn:Company>
      </Inspectors>
    </Personnel>   
    <EquipmentUsed>
      <ltbpcmn:Name>Wenner Probe</ltbpcmn:Name>
      <ltbpcmn:Model>Resipod Resistivity Meter</ltbpcmn:Model>
      <ltbpcmn:Manufacturer>Proceq</ltbpcmn:Manufacturer>
    </EquipmentUsed>
    <AmbientAirTemperature>75</AmbientAirTemperature>
    <DeckSurfaceTemperature>75</DeckSurfaceTemperature>
    <YLocationUnit>meter</YLocationUnit>
    <XLocationUnit>meter</XLocationUnit>
    <TestSite>Complete bridge deck</TestSite>
  </NDE001_TestInfo>
  <NDE001Readings>
    <YLocation>0.45</YLocation>
    <XLocation>-0.28</XLocation>
    <ElectricalReading>152</ElectricalReading>
  </NDE001Readings>
  <NDE001Readings>
    <YLocation>0.98</YLocation>
    <XLocation>-0.28</XLocation>
    <ElectricalReading>1640</ElectricalReading>
  </NDE001Readings>
  <NDE001Readings>
    <YLocation>1.44</YLocation>
    <XLocation>-0.27</XLocation>
    <ElectricalReading>36.2</ElectricalReading>
  </NDE001Readings>
  <NDE001Readings>
    <YLocation>1.97</YLocation>
    <XLocation>-0.27</XLocation>
    <ElectricalReading>158.4</ElectricalReading>
  </NDE001Readings>
  <NDE001Readings>
    <YLocation>0.45</YLocation>
    <XLocation>0.28</XLocation>
    <ElectricalReading>456</ElectricalReading>
  </NDE001Readings>
  <NDE001Readings>
    <YLocation>0.98</YLocation>
    <XLocation>0.28</XLocation>
    <ElectricalReading>183.2</ElectricalReading>
  </NDE001Readings>
  <NDE001Readings>
    <YLocation>1.44</YLocation>
    <XLocation>0.29</XLocation>
    <ElectricalReading>1583</ElectricalReading>
  </NDE001Readings>
  <NDE001Readings>
    <YLocation>1.97</YLocation>
    <XLocation>0.29</XLocation>
    <ElectricalReading>716</ElectricalReading>
  </NDE001Readings>
  <NDE001Readings>
    <YLocation>0.45</YLocation>
    <XLocation>0.96</XLocation>
    <ElectricalReading>1159</ElectricalReading>
  </NDE001Readings>
  <NDE001Readings>
    <YLocation>0.98</YLocation>
    <XLocation>0.96</XLocation>
    <ElectricalReading>1107</ElectricalReading>
  </NDE001Readings>
  <NDE001Readings>
    <YLocation>1.44</YLocation>
    <XLocation>0.97</XLocation>
    <ElectricalReading>1583</ElectricalReading>
  </NDE001Readings>
  <NDE001Readings>
    <YLocation>1.97</YLocation>
    <XLocation>0.97</XLocation>
    <ElectricalReading>227</ElectricalReading>
  </NDE001Readings>
  <NDE001Readings>
    <YLocation>0.45</YLocation>
    <XLocation>1.56</XLocation>
    <ElectricalReading>11.3</ElectricalReading>
  </NDE001Readings>
  <NDE001Readings>
    <YLocation>0.98</YLocation>
    <XLocation>1.57</XLocation>
    <ElectricalReading>1180</ElectricalReading>
  </NDE001Readings>
  <NDE001Readings>
    <YLocation>1.44</YLocation>
    <XLocation>1.57</XLocation>
    <ElectricalReading>1583</ElectricalReading>
  </NDE001Readings>
  <NDE001Readings>
    <YLocation>1.97</YLocation>
    <XLocation>1.58</XLocation>
    <ElectricalReading>90.2</ElectricalReading>
  </NDE001Readings>
  <NDE001Readings>
    <YLocation>0.45</YLocation>
    <XLocation>2.17</XLocation>
    <ElectricalReading>70.3</ElectricalReading>
  </NDE001Readings>
  <NDE001Readings>
    <YLocation>0.98</YLocation>
    <XLocation>2.17</XLocation>
    <ElectricalReading>1282</ElectricalReading>
  </NDE001Readings>
  <NDE001Readings>
    <YLocation>1.44</YLocation>
    <XLocation>2.18</XLocation>
    <ElectricalReading>160.6</ElectricalReading>
  </NDE001Readings>
  <NDE001Readings>
    <YLocation>1.97</YLocation>
    <XLocation>2.18</XLocation>
    <ElectricalReading>288</ElectricalReading>
  </NDE001Readings>
  <NDE001Readings>
    <YLocation>0.45</YLocation>
    <XLocation>2.79</XLocation>
    <ElectricalReading>98.6</ElectricalReading>
  </NDE001Readings>
  <NDE001Readings>
    <YLocation>0.98</YLocation>
    <XLocation>2.8</XLocation>
    <ElectricalReading>1149</ElectricalReading>
  </NDE001Readings>
  <NDE001Readings>
    <YLocation>1.44</YLocation>
    <XLocation>2.8</XLocation>
    <ElectricalReading>153.8</ElectricalReading>
  </NDE001Readings>
  <NDE001Readings>
    <YLocation>1.97</YLocation>
    <XLocation>2.81</XLocation>
    <ElectricalReading>112.8</ElectricalReading>
  </NDE001Readings>
  <NDE001Readings>
    <YLocation>4.11</YLocation>
    <XLocation>3.12</XLocation>
    <ElectricalReading>47.4</ElectricalReading>
  </NDE001Readings>
  <NDE001Readings>
    <YLocation>4.64</YLocation>
    <XLocation>3.13</XLocation>
    <ElectricalReading>54.4</ElectricalReading>
  </NDE001Readings>
  <NDE001Readings>
    <YLocation>5.1</YLocation>
    <XLocation>3.13</XLocation>
    <ElectricalReading>51.3</ElectricalReading>
  </NDE001Readings>
  <NDE001Readings>
    <YLocation>5.63</YLocation>
    <XLocation>3.14</XLocation>
    <ElectricalReading>38.1</ElectricalReading>
  </NDE001Readings>
  <NDE001Readings>
    <YLocation>0.45</YLocation>
    <XLocation>3.39</XLocation>
    <ElectricalReading>171.7</ElectricalReading>
  </NDE001Readings>
  <NDE001Readings>
    <YLocation>0.98</YLocation>
    <XLocation>3.4</XLocation>
    <ElectricalReading>580</ElectricalReading>
  </NDE001Readings>
  <NDE001Readings>
    <YLocation>1.44</YLocation>
    <XLocation>3.4</XLocation>
    <ElectricalReading>207</ElectricalReading>
  </NDE001Readings>
  <NDE001Readings>
    <YLocation>1.97</YLocation>
    <XLocation>3.41</XLocation>
    <ElectricalReading>109.6</ElectricalReading>
  </NDE001Readings>
  <NDE001Readings>
    <YLocation>4.11</YLocation>
    <XLocation>3.73</XLocation>
    <ElectricalReading>1008</ElectricalReading>
  </NDE001Readings>
  <NDE001Readings>
    <YLocation>4.64</YLocation>
    <XLocation>3.74</XLocation>
    <ElectricalReading>3.9</ElectricalReading>
  </NDE001Readings>
  <NDE001Readings>
    <YLocation>5.1</YLocation>
    <XLocation>3.74</XLocation>
    <ElectricalReading>103.3</ElectricalReading>
  </NDE001Readings>
  <NDE001Readings>
    <YLocation>5.63</YLocation>
    <XLocation>3.75</XLocation>
    <ElectricalReading>53.8</ElectricalReading>
  </NDE001Readings>
  <NDE001Readings>
    <YLocation>0.45</YLocation>
    <XLocation>4.04</XLocation>
    <ElectricalReading>182.9</ElectricalReading>
  </NDE001Readings>
  <NDE001Readings>
    <YLocation>0.98</YLocation>
    <XLocation>4.05</XLocation>
    <ElectricalReading>1.3</ElectricalReading>
  </NDE001Readings>
  <NDE001Readings>
    <YLocation>1.44</YLocation>
    <XLocation>4.05</XLocation>
    <ElectricalReading>176.6</ElectricalReading>
  </NDE001Readings>
  <NDE001Readings>
    <YLocation>1.97</YLocation>
    <XLocation>4.06</XLocation>
    <ElectricalReading>575</ElectricalReading>
  </NDE001Readings>
  <NDE001Readings>
    <YLocation>0.45</YLocation>
    <XLocation>4.09</XLocation>
    <ElectricalReading>828</ElectricalReading>
  </NDE001Readings>
  <NDE001Readings>
    <YLocation>0.98</YLocation>
    <XLocation>4.1</XLocation>
    <ElectricalReading>1181</ElectricalReading>
  </NDE001Readings>
  <NDE001Readings>
    <YLocation>1.44</YLocation>
    <XLocation>4.1</XLocation>
    <ElectricalReading>196.2</ElectricalReading>
  </NDE001Readings>
  <NDE001Readings>
    <YLocation>1.97</YLocation>
    <XLocation>4.11</XLocation>
    <ElectricalReading>946</ElectricalReading>
  </NDE001Readings>
  <NDE001Readings>
    <YLocation>4.11</YLocation>
    <XLocation>4.49</XLocation>
    <ElectricalReading>578</ElectricalReading>
  </NDE001Readings>
  <NDE001Readings>
    <YLocation>4.64</YLocation>
    <XLocation>4.5</XLocation>
    <ElectricalReading>298</ElectricalReading>
  </NDE001Readings>
  <NDE001Readings>
    <YLocation>5.1</YLocation>
    <XLocation>4.5</XLocation>
    <ElectricalReading>103.3</ElectricalReading>
  </NDE001Readings>
  <NDE001Readings>
    <YLocation>5.63</YLocation>
    <XLocation>4.51</XLocation>
    <ElectricalReading>396</ElectricalReading>
  </NDE001Readings>
  <NDE001Readings>
    <YLocation>0.45</YLocation>
    <XLocation>4.67</XLocation>
    <ElectricalReading>166</ElectricalReading>
  </NDE001Readings>
  <NDE001Readings>
    <YLocation>0.98</YLocation>
    <XLocation>4.68</XLocation>
    <ElectricalReading>367</ElectricalReading>
  </NDE001Readings>
  <NDE001Readings>
    <YLocation>1.44</YLocation>
    <XLocation>4.68</XLocation>
    <ElectricalReading>58.6</ElectricalReading>
  </NDE001Readings>
  <NDE001Readings>
    <YLocation>1.97</YLocation>
    <XLocation>4.69</XLocation>
    <ElectricalReading>106.7</ElectricalReading>
  </NDE001Readings>
  <NDE001Readings>
    <YLocation>4.11</YLocation>
    <XLocation>5.1</XLocation>
    <ElectricalReading>1697</ElectricalReading>
  </NDE001Readings>
  <NDE001Readings>
    <YLocation>4.64</YLocation>
    <XLocation>5.1</XLocation>
    <ElectricalReading>1828</ElectricalReading>
  </NDE001Readings>
  <NDE001Readings>
    <YLocation>5.1</YLocation>
    <XLocation>5.11</XLocation>
    <ElectricalReading>335</ElectricalReading>
  </NDE001Readings>
  <NDE001Readings>
    <YLocation>5.63</YLocation>
    <XLocation>5.11</XLocation>
    <ElectricalReading>389</ElectricalReading>
  </NDE001Readings>
  <NDE001Readings>
    <YLocation>0.45</YLocation>
    <XLocation>5.27</XLocation>
    <ElectricalReading>43.2</ElectricalReading>
  </NDE001Readings>
  <NDE001Readings>
    <YLocation>0.98</YLocation>
    <XLocation>5.28</XLocation>
    <ElectricalReading>902</ElectricalReading>
  </NDE001Readings>
  <NDE001Readings>
    <YLocation>1.44</YLocation>
    <XLocation>5.28</XLocation>
    <ElectricalReading>72.1</ElectricalReading>
  </NDE001Readings>
  <NDE001Readings>
    <YLocation>1.97</YLocation>
    <XLocation>5.29</XLocation>
    <ElectricalReading>149.1</ElectricalReading>
  </NDE001Readings>
  <NDE001Readings>
    <YLocation>0.45</YLocation>
    <XLocation>5.54</XLocation>
    <ElectricalReading>190.6</ElectricalReading>
  </NDE001Readings>
  <NDE001Readings>
    <YLocation>0.98</YLocation>
    <XLocation>5.55</XLocation>
    <ElectricalReading>44.8</ElectricalReading>
  </NDE001Readings>
  <NDE001Readings>
    <YLocation>1.44</YLocation>
    <XLocation>5.55</XLocation>
    <ElectricalReading>75.8</ElectricalReading>
  </NDE001Readings>
  <NDE001Readings>
    <YLocation>1.97</YLocation>
    <XLocation>5.56</XLocation>
    <ElectricalReading>168.2</ElectricalReading>
  </NDE001Readings>
  <NDE001Readings>
    <YLocation>4.11</YLocation>
    <XLocation>5.76</XLocation>
    <ElectricalReading>122.9</ElectricalReading>
  </NDE001Readings>
  <NDE001Readings>
    <YLocation>4.64</YLocation>
    <XLocation>5.76</XLocation>
    <ElectricalReading>176.1</ElectricalReading>
  </NDE001Readings>
  <NDE001Readings>
    <YLocation>5.1</YLocation>
    <XLocation>5.77</XLocation>
    <ElectricalReading>245</ElectricalReading>
  </NDE001Readings>
  <NDE001Readings>
    <YLocation>5.63</YLocation>
    <XLocation>5.77</XLocation>
    <ElectricalReading>44.4</ElectricalReading>
  </NDE001Readings>
  <NDE001Readings>
    <YLocation>0.45</YLocation>
    <XLocation>5.79</XLocation>
    <ElectricalReading>497</ElectricalReading>
  </NDE001Readings>
  <NDE001Readings>
    <YLocation>0.98</YLocation>
    <XLocation>5.79</XLocation>
    <ElectricalReading>1687</ElectricalReading>
  </NDE001Readings>
  <NDE001Readings>
    <YLocation>1.44</YLocation>
    <XLocation>5.8</XLocation>
    <ElectricalReading>34.7</ElectricalReading>
  </NDE001Readings>
  <NDE001Readings>
    <YLocation>1.97</YLocation>
    <XLocation>5.8</XLocation>
    <ElectricalReading>253</ElectricalReading>
  </NDE001Readings>
  <NDE001Readings>
    <YLocation>7.76</YLocation>
    <XLocation>6.11</XLocation>
    <ElectricalReading>1999</ElectricalReading>
  </NDE001Readings>
  <NDE001Readings>
    <YLocation>8.3</YLocation>
    <XLocation>6.12</XLocation>
    <ElectricalReading>340</ElectricalReading>
  </NDE001Readings>
  <NDE001Readings>
    <YLocation>8.75</YLocation>
    <XLocation>6.12</XLocation>
    <ElectricalReading>48.7</ElectricalReading>
  </NDE001Readings>
  <NDE001Readings>
    <YLocation>9.29</YLocation>
    <XLocation>6.13</XLocation>
    <ElectricalReading>204</ElectricalReading>
  </NDE001Readings>
  <NDE001Readings>
    <YLocation>0.45</YLocation>
    <XLocation>6.4</XLocation>
    <ElectricalReading>312</ElectricalReading>
  </NDE001Readings>
  <NDE001Readings>
    <YLocation>0.98</YLocation>
    <XLocation>6.41</XLocation>
    <ElectricalReading>18.5</ElectricalReading>
  </NDE001Readings>
  <NDE001Readings>
    <YLocation>1.44</YLocation>
    <XLocation>6.41</XLocation>
    <ElectricalReading>34.7</ElectricalReading>
  </NDE001Readings>
  <NDE001Readings>
    <YLocation>1.97</YLocation>
    <XLocation>6.42</XLocation>
    <ElectricalReading>175</ElectricalReading>
  </NDE001Readings>
  <NDE001Readings>
    <YLocation>4.11</YLocation>
    <XLocation>7.06</XLocation>
    <ElectricalReading>1336</ElectricalReading>
  </NDE001Readings>
  <NDE001Readings>
    <YLocation>4.64</YLocation>
    <XLocation>7.06</XLocation>
    <ElectricalReading>176.1</ElectricalReading>
  </NDE001Readings>
  <NDE001Readings>
    <YLocation>5.1</YLocation>
    <XLocation>7.07</XLocation>
    <ElectricalReading>245</ElectricalReading>
  </NDE001Readings>
  <NDE001Readings>
    <YLocation>5.63</YLocation>
    <XLocation>7.07</XLocation>
    <ElectricalReading>141</ElectricalReading>
  </NDE001Readings>
  <NDE001Readings>
    <YLocation>0.45</YLocation>
    <XLocation>7.15</XLocation>
    <ElectricalReading>21.5</ElectricalReading>
  </NDE001Readings>
  <NDE001Readings>
    <YLocation>0.98</YLocation>
    <XLocation>7.16</XLocation>
    <ElectricalReading>1037</ElectricalReading>
  </NDE001Readings>
  <NDE001Readings>
    <YLocation>1.44</YLocation>
    <XLocation>7.16</XLocation>
    <ElectricalReading>183.9</ElectricalReading>
  </NDE001Readings>
  <NDE001Readings>
    <YLocation>1.97</YLocation>
    <XLocation>7.17</XLocation>
    <ElectricalReading>257</ElectricalReading>
  </NDE001Readings>
  <NDE001Readings>
    <YLocation>4.11</YLocation>
    <XLocation>7.25</XLocation>
    <ElectricalReading>1243</ElectricalReading>
  </NDE001Readings>
  <NDE001Readings>
    <YLocation>4.64</YLocation>
    <XLocation>7.25</XLocation>
    <ElectricalReading>265</ElectricalReading>
  </NDE001Readings>
  <NDE001Readings>
    <YLocation>5.1</YLocation>
    <XLocation>7.26</XLocation>
    <ElectricalReading>245</ElectricalReading>
  </NDE001Readings>
  <NDE001Readings>
    <YLocation>5.63</YLocation>
    <XLocation>7.26</XLocation>
    <ElectricalReading>493</ElectricalReading>
  </NDE001Readings>
  <NDE001Readings>
    <YLocation>0.45</YLocation>
    <XLocation>7.66</XLocation>
    <ElectricalReading>146.8</ElectricalReading>
  </NDE001Readings>
  <NDE001Readings>
    <YLocation>0.98</YLocation>
    <XLocation>7.66</XLocation>
    <ElectricalReading>1309</ElectricalReading>
  </NDE001Readings>
  <NDE001Readings>
    <YLocation>1.44</YLocation>
    <XLocation>7.67</XLocation>
    <ElectricalReading>923</ElectricalReading>
  </NDE001Readings>
  <NDE001Readings>
    <YLocation>1.97</YLocation>
    <XLocation>7.67</XLocation>
    <ElectricalReading>233</ElectricalReading>
  </NDE001Readings>
  <NDE001Readings>
    <YLocation>0.45</YLocation>
    <XLocation>8.05</XLocation>
    <ElectricalReading>24.1</ElectricalReading>
  </NDE001Readings>
  <NDE001Readings>
    <YLocation>0.98</YLocation>
    <XLocation>8.06</XLocation>
    <ElectricalReading>1215</ElectricalReading>
  </NDE001Readings>
  <NDE001Readings>
    <YLocation>1.44</YLocation>
    <XLocation>8.06</XLocation>
    <ElectricalReading>220</ElectricalReading>
  </NDE001Readings>
  <NDE001Readings>
    <YLocation>1.97</YLocation>
    <XLocation>8.07</XLocation>
    <ElectricalReading>175.9</ElectricalReading>
  </NDE001Readings>
  <NDE001Readings>
    <YLocation>0.45</YLocation>
    <XLocation>8.16</XLocation>
    <ElectricalReading>137</ElectricalReading>
  </NDE001Readings>
  <NDE001Readings>
    <YLocation>0.98</YLocation>
    <XLocation>8.16</XLocation>
    <ElectricalReading>890</ElectricalReading>
  </NDE001Readings>
  <NDE001Readings>
    <YLocation>1.44</YLocation>
    <XLocation>8.17</XLocation>
    <ElectricalReading>198.9</ElectricalReading>
  </NDE001Readings>
  <NDE001Readings>
    <YLocation>1.97</YLocation>
    <XLocation>8.17</XLocation>
    <ElectricalReading>177.2</ElectricalReading>
  </NDE001Readings>
  <NDE001Readings>
    <YLocation>4.11</YLocation>
    <XLocation>8.98</XLocation>
    <ElectricalReading>1698</ElectricalReading>
  </NDE001Readings>
  <NDE001Readings>
    <YLocation>4.64</YLocation>
    <XLocation>8.98</XLocation>
    <ElectricalReading>9.2</ElectricalReading>
  </NDE001Readings>
  <NDE001Readings>
    <YLocation>5.1</YLocation>
    <XLocation>8.99</XLocation>
    <ElectricalReading>245</ElectricalReading>
  </NDE001Readings>
  <NDE001Readings>
    <YLocation>5.63</YLocation>
    <XLocation>8.99</XLocation>
    <ElectricalReading>106.3</ElectricalReading>
  </NDE001Readings>
  <NDE001Readings>
    <YLocation>4.11</YLocation>
    <XLocation>9.39</XLocation>
    <ElectricalReading>469</ElectricalReading>
  </NDE001Readings>
  <NDE001Readings>
    <YLocation>4.64</YLocation>
    <XLocation>9.4</XLocation>
    <ElectricalReading>9.2</ElectricalReading>
  </NDE001Readings>
  <NDE001Readings>
    <YLocation>5.1</YLocation>
    <XLocation>9.4</XLocation>
    <ElectricalReading>245</ElectricalReading>
  </NDE001Readings>
  <NDE001Readings>
    <YLocation>5.63</YLocation>
    <XLocation>9.41</XLocation>
    <ElectricalReading>123</ElectricalReading>
  </NDE001Readings>
  <NDE001Readings>
    <YLocation>4.11</YLocation>
    <XLocation>9.43</XLocation>
    <ElectricalReading>161.3</ElectricalReading>
  </NDE001Readings>
  <NDE001Readings>
    <YLocation>4.64</YLocation>
    <XLocation>9.43</XLocation>
    <ElectricalReading>1.9</ElectricalReading>
  </NDE001Readings>
  <NDE001Readings>
    <YLocation>5.1</YLocation>
    <XLocation>9.44</XLocation>
    <ElectricalReading>245</ElectricalReading>
  </NDE001Readings>
  <NDE001Readings>
    <YLocation>5.63</YLocation>
    <XLocation>9.44</XLocation>
    <ElectricalReading>13.3</ElectricalReading>
  </NDE001Readings>
  <NDE001Readings>
    <YLocation>4.11</YLocation>
    <XLocation>9.7</XLocation>
    <ElectricalReading>149.2</ElectricalReading>
  </NDE001Readings>
  <NDE001Readings>
    <YLocation>4.64</YLocation>
    <XLocation>9.71</XLocation>
    <ElectricalReading>9.2</ElectricalReading>
  </NDE001Readings>
  <NDE001Readings>
    <YLocation>5.1</YLocation>
    <XLocation>9.71</XLocation>
    <ElectricalReading>245</ElectricalReading>
  </NDE001Readings>
  <NDE001Readings>
    <YLocation>5.63</YLocation>
    <XLocation>9.72</XLocation>
    <ElectricalReading>294</ElectricalReading>
  </NDE001Readings>
  <NDE001Readings>
    <YLocation>0.45</YLocation>
    <XLocation>11.02</XLocation>
    <ElectricalReading>158.9</ElectricalReading>
  </NDE001Readings>
  <NDE001Readings>
    <YLocation>0.98</YLocation>
    <XLocation>11.02</XLocation>
    <ElectricalReading>350</ElectricalReading>
  </NDE001Readings>
  <NDE001Readings>
    <YLocation>1.44</YLocation>
    <XLocation>11.03</XLocation>
    <ElectricalReading>172.7</ElectricalReading>
  </NDE001Readings>
  <NDE001Readings>
    <YLocation>1.97</YLocation>
    <XLocation>11.03</XLocation>
    <ElectricalReading>58.7</ElectricalReading>
  </NDE001Readings>
  <NDE001Readings>
    <YLocation>0.45</YLocation>
    <XLocation>11.86</XLocation>
    <ElectricalReading>103.7</ElectricalReading>
  </NDE001Readings>
  <NDE001Readings>
    <YLocation>0.98</YLocation>
    <XLocation>11.87</XLocation>
    <ElectricalReading>1509</ElectricalReading>
  </NDE001Readings>
  <NDE001Readings>
    <YLocation>1.44</YLocation>
    <XLocation>11.87</XLocation>
    <ElectricalReading>180</ElectricalReading>
  </NDE001Readings>
  <NDE001Readings>
    <YLocation>1.97</YLocation>
    <XLocation>11.88</XLocation>
    <ElectricalReading>156.1</ElectricalReading>
  </NDE001Readings>
  <NDE001Readings>
    <YLocation>0.45</YLocation>
    <XLocation>12</XLocation>
    <ElectricalReading>165</ElectricalReading>
  </NDE001Readings>
  <NDE001Readings>
    <YLocation>0.98</YLocation>
    <XLocation>12</XLocation>
    <ElectricalReading>1273</ElectricalReading>
  </NDE001Readings>
  <NDE001Readings>
    <YLocation>1.44</YLocation>
    <XLocation>12.01</XLocation>
    <ElectricalReading>180</ElectricalReading>
  </NDE001Readings>
  <NDE001Readings>
    <YLocation>1.97</YLocation>
    <XLocation>12.01</XLocation>
    <ElectricalReading>195.7</ElectricalReading>
  </NDE001Readings>
  <NDE001Readings>
    <YLocation>0.45</YLocation>
    <XLocation>12.08</XLocation>
    <ElectricalReading>329</ElectricalReading>
  </NDE001Readings>
  <NDE001Readings>
    <YLocation>0.98</YLocation>
    <XLocation>12.09</XLocation>
    <ElectricalReading>214</ElectricalReading>
  </NDE001Readings>
  <NDE001Readings>
    <YLocation>1.44</YLocation>
    <XLocation>12.09</XLocation>
    <ElectricalReading>180</ElectricalReading>
  </NDE001Readings>
  <NDE001Readings>
    <YLocation>1.97</YLocation>
    <XLocation>12.1</XLocation>
    <ElectricalReading>17.4</ElectricalReading>
  </NDE001Readings>
  <NDE001Readings>
    <YLocation>4.11</YLocation>
    <XLocation>12.42</XLocation>
    <ElectricalReading>149.2</ElectricalReading>
  </NDE001Readings>
  <NDE001Readings>
    <YLocation>4.64</YLocation>
    <XLocation>12.43</XLocation>
    <ElectricalReading>9.2</ElectricalReading>
  </NDE001Readings>
  <NDE001Readings>
    <YLocation>5.1</YLocation>
    <XLocation>12.43</XLocation>
    <ElectricalReading>245</ElectricalReading>
  </NDE001Readings>
  <NDE001Readings>
    <YLocation>5.63</YLocation>
    <XLocation>12.44</XLocation>
    <ElectricalReading>1462</ElectricalReading>
  </NDE001Readings>
  <NDE001Readings>
    <YLocation>0.45</YLocation>
    <XLocation>12.51</XLocation>
    <ElectricalReading>235</ElectricalReading>
  </NDE001Readings>
  <NDE001Readings>
    <YLocation>0.98</YLocation>
    <XLocation>12.51</XLocation>
    <ElectricalReading>147.5</ElectricalReading>
  </NDE001Readings>
  <NDE001Readings>
    <YLocation>1.44</YLocation>
    <XLocation>12.52</XLocation>
    <ElectricalReading>114.8</ElectricalReading>
  </NDE001Readings>
  <NDE001Readings>
    <YLocation>1.97</YLocation>
    <XLocation>12.52</XLocation>
    <ElectricalReading>303</ElectricalReading>
  </NDE001Readings>
  <NDE001Readings>
    <YLocation>0.45</YLocation>
    <XLocation>12.73</XLocation>
    <ElectricalReading>113.4</ElectricalReading>
  </NDE001Readings>
  <NDE001Readings>
    <YLocation>0.98</YLocation>
    <XLocation>12.73</XLocation>
    <ElectricalReading>1340</ElectricalReading>
  </NDE001Readings>
  <NDE001Readings>
    <YLocation>1.44</YLocation>
    <XLocation>12.74</XLocation>
    <ElectricalReading>108</ElectricalReading>
  </NDE001Readings>
  <NDE001Readings>
    <YLocation>1.97</YLocation>
    <XLocation>12.74</XLocation>
    <ElectricalReading>288</ElectricalReading>
  </NDE001Readings>
  <NDE001Readings>
    <YLocation>3.29</YLocation>
    <XLocation>13.06</XLocation>
    <ElectricalReading>135.4</ElectricalReading>
  </NDE001Readings>
  <NDE001Readings>
    <YLocation>3.82</YLocation>
    <XLocation>13.06</XLocation>
    <ElectricalReading>467</ElectricalReading>
  </NDE001Readings>
  <NDE001Readings>
    <YLocation>2.3</YLocation>
    <XLocation>13.07</XLocation>
    <ElectricalReading>4.7</ElectricalReading>
  </NDE001Readings>
  <NDE001Readings>
    <YLocation>2.83</YLocation>
    <XLocation>13.07</XLocation>
    <ElectricalReading>27.6</ElectricalReading>
  </NDE001Readings>
  <NDE001Readings>
    <YLocation>3.82</YLocation>
    <XLocation>13.63</XLocation>
    <ElectricalReading>467</ElectricalReading>
  </NDE001Readings>
  <NDE001Readings>
    <YLocation>2.83</YLocation>
    <XLocation>13.64</XLocation>
    <ElectricalReading>27.6</ElectricalReading>
  </NDE001Readings>
  <NDE001Readings>
    <YLocation>3.29</YLocation>
    <XLocation>13.64</XLocation>
    <ElectricalReading>135.4</ElectricalReading>
  </NDE001Readings>
  <NDE001Readings>
    <YLocation>2.3</YLocation>
    <XLocation>13.65</XLocation>
    <ElectricalReading>10.1</ElectricalReading>
  </NDE001Readings>
  <NDE001Readings>
    <YLocation>3.29</YLocation>
    <XLocation>13.8</XLocation>
    <ElectricalReading>135.4</ElectricalReading>
  </NDE001Readings>
  <NDE001Readings>
    <YLocation>3.82</YLocation>
    <XLocation>13.8</XLocation>
    <ElectricalReading>893</ElectricalReading>
  </NDE001Readings>
  <NDE001Readings>
    <YLocation>2.3</YLocation>
    <XLocation>13.81</XLocation>
    <ElectricalReading>2.1</ElectricalReading>
  </NDE001Readings>
  <NDE001Readings>
    <YLocation>2.83</YLocation>
    <XLocation>13.81</XLocation>
    <ElectricalReading>27.6</ElectricalReading>
  </NDE001Readings>
  <NDE001Readings>
    <YLocation>3.82</YLocation>
    <XLocation>14.47</XLocation>
    <ElectricalReading>1611</ElectricalReading>
  </NDE001Readings>
  <NDE001Readings>
    <YLocation>2.83</YLocation>
    <XLocation>14.48</XLocation>
    <ElectricalReading>27.6</ElectricalReading>
  </NDE001Readings>
  <NDE001Readings>
    <YLocation>3.29</YLocation>
    <XLocation>14.48</XLocation>
    <ElectricalReading>135.4</ElectricalReading>
  </NDE001Readings>
  <NDE001Readings>
    <YLocation>2.3</YLocation>
    <XLocation>14.49</XLocation>
    <ElectricalReading>3.3</ElectricalReading>
  </NDE001Readings>
  <NDE001Readings>
    <YLocation>3.82</YLocation>
    <XLocation>14.73</XLocation>
    <ElectricalReading>1611</ElectricalReading>
  </NDE001Readings>
  <NDE001Readings>
    <YLocation>2.83</YLocation>
    <XLocation>14.74</XLocation>
    <ElectricalReading>45.2</ElectricalReading>
  </NDE001Readings>
  <NDE001Readings>
    <YLocation>3.29</YLocation>
    <XLocation>14.74</XLocation>
    <ElectricalReading>135.4</ElectricalReading>
  </NDE001Readings>
  <NDE001Readings>
    <YLocation>2.3</YLocation>
    <XLocation>14.75</XLocation>
    <ElectricalReading>118.1</ElectricalReading>
  </NDE001Readings>
  <NDE001Readings>
    <YLocation>0.45</YLocation>
    <XLocation>14.89</XLocation>
    <ElectricalReading>239</ElectricalReading>
  </NDE001Readings>
  <NDE001Readings>
    <YLocation>0.98</YLocation>
    <XLocation>14.9</XLocation>
    <ElectricalReading>114.8</ElectricalReading>
  </NDE001Readings>
  <NDE001Readings>
    <YLocation>1.44</YLocation>
    <XLocation>14.9</XLocation>
    <ElectricalReading>75.8</ElectricalReading>
  </NDE001Readings>
  <NDE001Readings>
    <YLocation>1.97</YLocation>
    <XLocation>14.91</XLocation>
    <ElectricalReading>612</ElectricalReading>
  </NDE001Readings>
  <NDE001Readings>
    <YLocation>3.29</YLocation>
    <XLocation>15.2</XLocation>
    <ElectricalReading>135.4</ElectricalReading>
  </NDE001Readings>
  <NDE001Readings>
    <YLocation>3.82</YLocation>
    <XLocation>15.2</XLocation>
    <ElectricalReading>267</ElectricalReading>
  </NDE001Readings>
  <NDE001Readings>
    <YLocation>2.3</YLocation>
    <XLocation>15.21</XLocation>
    <ElectricalReading>105.2</ElectricalReading>
  </NDE001Readings>
  <NDE001Readings>
    <YLocation>2.83</YLocation>
    <XLocation>15.21</XLocation>
    <ElectricalReading>623</ElectricalReading>
  </NDE001Readings>
  <NDE001Readings>
    <YLocation>4.11</YLocation>
    <XLocation>16.33</XLocation>
    <ElectricalReading>172.7</ElectricalReading>
  </NDE001Readings>
  <NDE001Readings>
    <YLocation>4.64</YLocation>
    <XLocation>16.34</XLocation>
    <ElectricalReading>9.2</ElectricalReading>
  </NDE001Readings>
  <NDE001Readings>
    <YLocation>5.1</YLocation>
    <XLocation>16.34</XLocation>
    <ElectricalReading>245</ElectricalReading>
  </NDE001Readings>
  <NDE001Readings>
    <YLocation>5.63</YLocation>
    <XLocation>16.35</XLocation>
    <ElectricalReading>160</ElectricalReading>
  </NDE001Readings>
  <NDE001Readings>
    <YLocation>0.45</YLocation>
    <XLocation>17.99</XLocation>
    <ElectricalReading>304</ElectricalReading>
  </NDE001Readings>
  <NDE001Readings>
    <YLocation>0.98</YLocation>
    <XLocation>18</XLocation>
    <ElectricalReading>1411</ElectricalReading>
  </NDE001Readings>
  <NDE001Readings>
    <YLocation>1.44</YLocation>
    <XLocation>18</XLocation>
    <ElectricalReading>75.8</ElectricalReading>
  </NDE001Readings>
  <NDE001Readings>
    <YLocation>1.97</YLocation>
    <XLocation>18.01</XLocation>
    <ElectricalReading>209</ElectricalReading>
  </NDE001Readings>
  <NDE001Readings>
    <YLocation>0.45</YLocation>
    <XLocation>21.84</XLocation>
    <ElectricalReading>241</ElectricalReading>
  </NDE001Readings>
  <NDE001Readings>
    <YLocation>0.98</YLocation>
    <XLocation>21.84</XLocation>
    <ElectricalReading>98.5</ElectricalReading>
  </NDE001Readings>
  <NDE001Readings>
    <YLocation>1.44</YLocation>
    <XLocation>21.85</XLocation>
    <ElectricalReading>75.8</ElectricalReading>
  </NDE001Readings>
  <NDE001Readings>
    <YLocation>1.97</YLocation>
    <XLocation>21.85</XLocation>
    <ElectricalReading>169.1</ElectricalReading>
  </NDE001Readings>
  <NDE001Readings>
    <YLocation>0.45</YLocation>
    <XLocation>21.91</XLocation>
    <ElectricalReading>160.5</ElectricalReading>
  </NDE001Readings>
  <NDE001Readings>
    <YLocation>0.98</YLocation>
    <XLocation>21.92</XLocation>
    <ElectricalReading>636</ElectricalReading>
  </NDE001Readings>
  <NDE001Readings>
    <YLocation>1.44</YLocation>
    <XLocation>21.92</XLocation>
    <ElectricalReading>863</ElectricalReading>
  </NDE001Readings>
  <NDE001Readings>
    <YLocation>1.97</YLocation>
    <XLocation>21.93</XLocation>
    <ElectricalReading>382</ElectricalReading>
  </NDE001Readings>
  <NDE001Readings>
    <YLocation>0.45</YLocation>
    <XLocation>28.71</XLocation>
    <ElectricalReading>470</ElectricalReading>
  </NDE001Readings>
  <NDE001Readings>
    <YLocation>0.98</YLocation>
    <XLocation>28.72</XLocation>
    <ElectricalReading>752</ElectricalReading>
  </NDE001Readings>
  <NDE001Readings>
    <YLocation>1.44</YLocation>
    <XLocation>28.72</XLocation>
    <ElectricalReading>933</ElectricalReading>
  </NDE001Readings>
  <NDE001Readings>
    <YLocation>1.97</YLocation>
    <XLocation>28.73</XLocation>
    <ElectricalReading>386</ElectricalReading>
  </NDE001Readings>
  <NDE001Readings>
    <YLocation>3.29</YLocation>
    <XLocation>40.56</XLocation>
    <ElectricalReading>72.7</ElectricalReading>
  </NDE001Readings>
  <NDE001Readings>
    <YLocation>3.82</YLocation>
    <XLocation>40.56</XLocation>
    <ElectricalReading>796</ElectricalReading>
  </NDE001Readings>
  <NDE001Readings>
    <YLocation>2.3</YLocation>
    <XLocation>40.57</XLocation>
    <ElectricalReading>7.9</ElectricalReading>
  </NDE001Readings>
  <NDE001Readings>
    <YLocation>2.83</YLocation>
    <XLocation>40.57</XLocation>
    <ElectricalReading>165.4</ElectricalReading>
  </NDE001Readings>
  <NDE001Readings>
    <YLocation>4.11</YLocation>
    <XLocation>42.9</XLocation>
    <ElectricalReading>49.7</ElectricalReading>
  </NDE001Readings>
  <NDE001Readings>
    <YLocation>4.64</YLocation>
    <XLocation>42.91</XLocation>
    <ElectricalReading>9.2</ElectricalReading>
  </NDE001Readings>
  <NDE001Readings>
    <YLocation>5.1</YLocation>
    <XLocation>42.91</XLocation>
    <ElectricalReading>245</ElectricalReading>
  </NDE001Readings>
  <NDE001Readings>
    <YLocation>5.63</YLocation>
    <XLocation>42.92</XLocation>
    <ElectricalReading>75.9</ElectricalReading>
  </NDE001Readings>
  <NDE001Readings>
    <YLocation>6.94</YLocation>
    <XLocation>45.13</XLocation>
    <ElectricalReading>181.1</ElectricalReading>
  </NDE001Readings>
  <NDE001Readings>
    <YLocation>7.48</YLocation>
    <XLocation>45.13</XLocation>
    <ElectricalReading>125.8</ElectricalReading>
  </NDE001Readings>
  <NDE001Readings>
    <YLocation>5.95</YLocation>
    <XLocation>45.14</XLocation>
    <ElectricalReading>49.9</ElectricalReading>
  </NDE001Readings>
  <NDE001Readings>
    <YLocation>6.49</YLocation>
    <XLocation>45.14</XLocation>
    <ElectricalReading>16.6</ElectricalReading>
  </NDE001Readings>
  <NDE001Readings>
    <YLocation>10.91</YLocation>
    <XLocation>47.57</XLocation>
    <ElectricalReading>51</ElectricalReading>
  </NDE001Readings>
  <NDE001Readings>
    <YLocation>11.44</YLocation>
    <XLocation>47.57</XLocation>
    <ElectricalReading>28.2</ElectricalReading>
  </NDE001Readings>
  <NDE001Readings>
    <YLocation>9.92</YLocation>
    <XLocation>47.58</XLocation>
    <ElectricalReading>44.8</ElectricalReading>
  </NDE001Readings>
  <NDE001Readings>
    <YLocation>10.45</YLocation>
    <XLocation>47.58</XLocation>
    <ElectricalReading>16.5</ElectricalReading>
  </NDE001Readings>
</NDE001>